id,uuid,item_id,transaction_id,qty,created_at,updated_at
1,itemtransaction-115,52,1,1,Sun Apr 26 2020 10:01:39 GMT+0700 (WIB),Sun Apr 26 2020 10:01:39 GMT+0700 (WIB)
2,itemtransaction-172,57,2,1,Sun Apr 26 2020 10:01:42 GMT+0700 (WIB),Sun Apr 26 2020 10:01:42 GMT+0700 (WIB)
3,itemtransaction-173,70,2,1,Sun Apr 26 2020 10:01:42 GMT+0700 (WIB),Sun Apr 26 2020 10:01:42 GMT+0700 (WIB)
4,itemtransaction-174,108,2,1,Sun Apr 26 2020 10:01:42 GMT+0700 (WIB),Sun Apr 26 2020 10:01:42 GMT+0700 (WIB)
5,itemtransaction-179,86,3,1,Sun Apr 26 2020 10:01:42 GMT+0700 (WIB),Sun Apr 26 2020 10:01:42 GMT+0700 (WIB)
6,itemtransaction-180,122,3,1,Sun Apr 26 2020 10:01:42 GMT+0700 (WIB),Sun Apr 26 2020 10:01:42 GMT+0700 (WIB)
7,itemtransaction-181,120,3,1,Sun Apr 26 2020 10:01:42 GMT+0700 (WIB),Sun Apr 26 2020 10:01:42 GMT+0700 (WIB)
8,itemtransaction-182,121,3,1,Sun Apr 26 2020 10:01:42 GMT+0700 (WIB),Sun Apr 26 2020 10:01:42 GMT+0700 (WIB)
9,itemtransaction-183,95,3,1,Sun Apr 26 2020 10:01:42 GMT+0700 (WIB),Sun Apr 26 2020 10:01:42 GMT+0700 (WIB)
10,itemtransaction-184,118,4,1,Sun Apr 26 2020 10:01:42 GMT+0700 (WIB),Sun Apr 26 2020 10:01:42 GMT+0700 (WIB)
11,itemtransaction-186,57,5,1,Sun Apr 26 2020 10:01:42 GMT+0700 (WIB),Sun Apr 26 2020 10:01:42 GMT+0700 (WIB)
12,itemtransaction-191,124,9,1,Sun Apr 26 2020 10:01:42 GMT+0700 (WIB),Sun Apr 26 2020 10:01:42 GMT+0700 (WIB)
13,itemtransaction-195,57,13,1,Sun Apr 26 2020 10:01:42 GMT+0700 (WIB),Sun Apr 26 2020 10:01:42 GMT+0700 (WIB)
14,itemtransaction-187,108,6,1,Sun Apr 26 2020 10:01:42 GMT+0700 (WIB),Sun Apr 26 2020 10:01:42 GMT+0700 (WIB)
15,itemtransaction-202,97,16,1,Sun Apr 26 2020 10:01:42 GMT+0700 (WIB),Sun Apr 26 2020 10:01:42 GMT+0700 (WIB)
16,itemtransaction-209,70,21,4,Sun Apr 26 2020 10:01:42 GMT+0700 (WIB),Sun Apr 26 2020 10:01:42 GMT+0700 (WIB)
17,itemtransaction-188,57,7,1,Sun Apr 26 2020 10:01:42 GMT+0700 (WIB),Sun Apr 26 2020 10:01:42 GMT+0700 (WIB)
18,itemtransaction-197,57,15,1,Sun Apr 26 2020 10:01:42 GMT+0700 (WIB),Sun Apr 26 2020 10:01:42 GMT+0700 (WIB)
19,itemtransaction-206,124,19,1,Sun Apr 26 2020 10:01:42 GMT+0700 (WIB),Sun Apr 26 2020 10:01:42 GMT+0700 (WIB)
20,itemtransaction-207,57,20,3,Sun Apr 26 2020 10:01:42 GMT+0700 (WIB),Sun Apr 26 2020 10:01:42 GMT+0700 (WIB)
21,itemtransaction-190,125,8,16,Sun Apr 26 2020 10:01:42 GMT+0700 (WIB),Sun Apr 26 2020 10:01:42 GMT+0700 (WIB)
22,itemtransaction-192,57,10,1,Sun Apr 26 2020 10:01:42 GMT+0700 (WIB),Sun Apr 26 2020 10:01:42 GMT+0700 (WIB)
23,itemtransaction-193,57,11,2,Sun Apr 26 2020 10:01:42 GMT+0700 (WIB),Sun Apr 26 2020 10:01:42 GMT+0700 (WIB)
24,itemtransaction-205,124,18,1,Sun Apr 26 2020 10:01:42 GMT+0700 (WIB),Sun Apr 26 2020 10:01:42 GMT+0700 (WIB)
25,itemtransaction-194,57,12,1,Sun Apr 26 2020 10:01:42 GMT+0700 (WIB),Sun Apr 26 2020 10:01:42 GMT+0700 (WIB)
26,itemtransaction-196,57,14,1,Sun Apr 26 2020 10:01:42 GMT+0700 (WIB),Sun Apr 26 2020 10:01:42 GMT+0700 (WIB)
27,itemtransaction-203,80,16,1,Sun Apr 26 2020 10:01:42 GMT+0700 (WIB),Sun Apr 26 2020 10:01:42 GMT+0700 (WIB)
28,itemtransaction-204,124,17,1,Sun Apr 26 2020 10:01:42 GMT+0700 (WIB),Sun Apr 26 2020 10:01:42 GMT+0700 (WIB)
29,itemtransaction-210,125,22,10,Sun Apr 26 2020 10:01:42 GMT+0700 (WIB),Sun Apr 26 2020 10:01:42 GMT+0700 (WIB)
30,itemtransaction-211,57,23,2,Sun Apr 26 2020 10:01:42 GMT+0700 (WIB),Sun Apr 26 2020 10:01:42 GMT+0700 (WIB)
31,itemtransaction-212,64,24,1,Sun Apr 26 2020 10:01:42 GMT+0700 (WIB),Sun Apr 26 2020 10:01:42 GMT+0700 (WIB)
32,itemtransaction-213,57,25,3,Sun Apr 26 2020 10:01:42 GMT+0700 (WIB),Sun Apr 26 2020 10:01:42 GMT+0700 (WIB)
33,itemtransaction-214,48,26,1,Sun Apr 26 2020 10:01:42 GMT+0700 (WIB),Sun Apr 26 2020 10:01:42 GMT+0700 (WIB)
34,itemtransaction-215,34,27,1,Sun Apr 26 2020 10:01:42 GMT+0700 (WIB),Sun Apr 26 2020 10:01:42 GMT+0700 (WIB)
35,itemtransaction-216,113,28,1,Sun Apr 26 2020 10:01:42 GMT+0700 (WIB),Sun Apr 26 2020 10:01:42 GMT+0700 (WIB)
36,itemtransaction-217,97,29,1,Sun Apr 26 2020 10:01:42 GMT+0700 (WIB),Sun Apr 26 2020 10:01:42 GMT+0700 (WIB)
37,itemtransaction-218,80,29,1,Sun Apr 26 2020 10:01:42 GMT+0700 (WIB),Sun Apr 26 2020 10:01:42 GMT+0700 (WIB)
38,itemtransaction-219,112,30,4,Sun Apr 26 2020 10:01:42 GMT+0700 (WIB),Sun Apr 26 2020 10:01:42 GMT+0700 (WIB)
39,itemtransaction-220,114,31,1,Sun Apr 26 2020 10:01:42 GMT+0700 (WIB),Sun Apr 26 2020 10:01:42 GMT+0700 (WIB)
40,itemtransaction-222,126,32,1,Sun Apr 26 2020 10:01:42 GMT+0700 (WIB),Sun Apr 26 2020 10:01:42 GMT+0700 (WIB)
41,itemtransaction-223,115,33,1,Sun Apr 26 2020 10:01:42 GMT+0700 (WIB),Sun Apr 26 2020 10:01:42 GMT+0700 (WIB)
42,itemtransaction-224,112,34,2,Sun Apr 26 2020 10:01:42 GMT+0700 (WIB),Sun Apr 26 2020 10:01:42 GMT+0700 (WIB)
43,itemtransaction-225,112,35,1,Sun Apr 26 2020 10:01:42 GMT+0700 (WIB),Sun Apr 26 2020 10:01:42 GMT+0700 (WIB)
44,itemtransaction-226,57,36,1,Sun Apr 26 2020 10:01:42 GMT+0700 (WIB),Sun Apr 26 2020 10:01:42 GMT+0700 (WIB)
45,itemtransaction-227,108,37,1,Sun Apr 26 2020 10:01:42 GMT+0700 (WIB),Sun Apr 26 2020 10:01:42 GMT+0700 (WIB)
46,itemtransaction-228,112,38,2,Sun Apr 26 2020 10:01:42 GMT+0700 (WIB),Sun Apr 26 2020 10:01:42 GMT+0700 (WIB)
47,itemtransaction-229,118,39,1,Sun Apr 26 2020 10:01:42 GMT+0700 (WIB),Sun Apr 26 2020 10:01:42 GMT+0700 (WIB)
48,itemtransaction-230,80,40,1,Sun Apr 26 2020 10:01:42 GMT+0700 (WIB),Sun Apr 26 2020 10:01:42 GMT+0700 (WIB)
49,itemtransaction-231,112,41,1,Sun Apr 26 2020 10:01:42 GMT+0700 (WIB),Sun Apr 26 2020 10:01:42 GMT+0700 (WIB)
50,itemtransaction-232,97,42,1,Sun Apr 26 2020 10:01:42 GMT+0700 (WIB),Sun Apr 26 2020 10:01:42 GMT+0700 (WIB)
51,itemtransaction-233,112,43,2,Sun Apr 26 2020 10:01:42 GMT+0700 (WIB),Sun Apr 26 2020 10:01:42 GMT+0700 (WIB)
52,itemtransaction-234,112,44,3,Sun Apr 26 2020 10:01:42 GMT+0700 (WIB),Sun Apr 26 2020 10:01:42 GMT+0700 (WIB)
53,itemtransaction-235,67,45,1,Sun Apr 26 2020 10:01:42 GMT+0700 (WIB),Sun Apr 26 2020 10:01:42 GMT+0700 (WIB)
54,itemtransaction-236,34,45,1,Sun Apr 26 2020 10:01:42 GMT+0700 (WIB),Sun Apr 26 2020 10:01:42 GMT+0700 (WIB)
55,itemtransaction-237,57,45,1,Sun Apr 26 2020 10:01:42 GMT+0700 (WIB),Sun Apr 26 2020 10:01:42 GMT+0700 (WIB)
56,itemtransaction-238,97,46,1,Sun Apr 26 2020 10:01:42 GMT+0700 (WIB),Sun Apr 26 2020 10:01:42 GMT+0700 (WIB)
57,itemtransaction-239,112,47,1,Sun Apr 26 2020 10:01:42 GMT+0700 (WIB),Sun Apr 26 2020 10:01:42 GMT+0700 (WIB)
58,itemtransaction-241,124,48,1,Sun Apr 26 2020 10:01:42 GMT+0700 (WIB),Sun Apr 26 2020 10:01:42 GMT+0700 (WIB)
59,itemtransaction-242,125,48,1,Sun Apr 26 2020 10:01:42 GMT+0700 (WIB),Sun Apr 26 2020 10:01:42 GMT+0700 (WIB)
60,itemtransaction-243,112,49,1,Sun Apr 26 2020 10:01:42 GMT+0700 (WIB),Sun Apr 26 2020 10:01:42 GMT+0700 (WIB)
61,itemtransaction-247,128,50,1,Sun Apr 26 2020 10:01:42 GMT+0700 (WIB),Sun Apr 26 2020 10:01:42 GMT+0700 (WIB)
62,itemtransaction-248,127,51,1,Sun Apr 26 2020 10:01:42 GMT+0700 (WIB),Sun Apr 26 2020 10:01:42 GMT+0700 (WIB)
63,itemtransaction-249,112,52,1,Sun Apr 26 2020 10:01:42 GMT+0700 (WIB),Sun Apr 26 2020 10:01:42 GMT+0700 (WIB)
64,itemtransaction-250,127,53,1,Sun Apr 26 2020 10:01:42 GMT+0700 (WIB),Sun Apr 26 2020 10:01:42 GMT+0700 (WIB)
65,itemtransaction-252,129,54,1,Sun Apr 26 2020 10:01:42 GMT+0700 (WIB),Sun Apr 26 2020 10:01:42 GMT+0700 (WIB)
66,itemtransaction-253,112,55,1,Sun Apr 26 2020 10:01:42 GMT+0700 (WIB),Sun Apr 26 2020 10:01:42 GMT+0700 (WIB)
67,itemtransaction-254,57,56,3,Sun Apr 26 2020 10:01:42 GMT+0700 (WIB),Sun Apr 26 2020 10:01:42 GMT+0700 (WIB)
68,itemtransaction-255,67,57,1,Sun Apr 26 2020 10:01:42 GMT+0700 (WIB),Sun Apr 26 2020 10:01:42 GMT+0700 (WIB)
69,itemtransaction-256,112,58,2,Sun Apr 26 2020 10:01:42 GMT+0700 (WIB),Sun Apr 26 2020 10:01:42 GMT+0700 (WIB)
70,itemtransaction-257,112,59,1,Sun Apr 26 2020 10:01:42 GMT+0700 (WIB),Sun Apr 26 2020 10:01:42 GMT+0700 (WIB)
71,itemtransaction-258,76,60,1,Sun Apr 26 2020 10:01:42 GMT+0700 (WIB),Sun Apr 26 2020 10:01:42 GMT+0700 (WIB)
72,itemtransaction-259,74,60,1,Sun Apr 26 2020 10:01:42 GMT+0700 (WIB),Sun Apr 26 2020 10:01:42 GMT+0700 (WIB)
73,itemtransaction-260,90,60,1,Sun Apr 26 2020 10:01:42 GMT+0700 (WIB),Sun Apr 26 2020 10:01:42 GMT+0700 (WIB)
74,itemtransaction-261,84,60,1,Sun Apr 26 2020 10:01:42 GMT+0700 (WIB),Sun Apr 26 2020 10:01:42 GMT+0700 (WIB)
75,itemtransaction-262,70,61,1,Sun Apr 26 2020 10:01:42 GMT+0700 (WIB),Sun Apr 26 2020 10:01:42 GMT+0700 (WIB)
76,itemtransaction-263,108,62,1,Sun Apr 26 2020 10:01:42 GMT+0700 (WIB),Sun Apr 26 2020 10:01:42 GMT+0700 (WIB)
77,itemtransaction-264,124,63,1,Sun Apr 26 2020 10:01:42 GMT+0700 (WIB),Sun Apr 26 2020 10:01:42 GMT+0700 (WIB)
78,itemtransaction-265,125,64,2,Sun Apr 26 2020 10:01:42 GMT+0700 (WIB),Sun Apr 26 2020 10:01:42 GMT+0700 (WIB)
79,itemtransaction-266,57,65,2,Sun Apr 26 2020 10:01:42 GMT+0700 (WIB),Sun Apr 26 2020 10:01:42 GMT+0700 (WIB)
80,itemtransaction-267,46,66,1,Sun Apr 26 2020 10:01:42 GMT+0700 (WIB),Sun Apr 26 2020 10:01:42 GMT+0700 (WIB)
81,itemtransaction-268,112,69,1,Sun Apr 26 2020 10:01:42 GMT+0700 (WIB),Sun Apr 26 2020 10:01:42 GMT+0700 (WIB)
82,itemtransaction-269,80,73,1,Sun Apr 26 2020 10:01:42 GMT+0700 (WIB),Sun Apr 26 2020 10:01:42 GMT+0700 (WIB)
83,itemtransaction-270,97,73,1,Sun Apr 26 2020 10:01:42 GMT+0700 (WIB),Sun Apr 26 2020 10:01:42 GMT+0700 (WIB)
84,itemtransaction-271,105,73,1,Sun Apr 26 2020 10:01:42 GMT+0700 (WIB),Sun Apr 26 2020 10:01:42 GMT+0700 (WIB)
85,itemtransaction-272,57,77,1,Sun Apr 26 2020 10:01:42 GMT+0700 (WIB),Sun Apr 26 2020 10:01:42 GMT+0700 (WIB)
86,itemtransaction-273,121,70,1,Sun Apr 26 2020 10:01:42 GMT+0700 (WIB),Sun Apr 26 2020 10:01:42 GMT+0700 (WIB)
87,itemtransaction-274,101,79,1,Sun Apr 26 2020 10:01:42 GMT+0700 (WIB),Sun Apr 26 2020 10:01:42 GMT+0700 (WIB)
88,itemtransaction-275,109,79,1,Sun Apr 26 2020 10:01:42 GMT+0700 (WIB),Sun Apr 26 2020 10:01:42 GMT+0700 (WIB)
89,itemtransaction-276,105,67,1,Sun Apr 26 2020 10:01:42 GMT+0700 (WIB),Sun Apr 26 2020 10:01:42 GMT+0700 (WIB)
90,itemtransaction-277,112,74,1,Sun Apr 26 2020 10:01:42 GMT+0700 (WIB),Sun Apr 26 2020 10:01:42 GMT+0700 (WIB)
91,itemtransaction-281,97,85,1,Sun Apr 26 2020 10:01:42 GMT+0700 (WIB),Sun Apr 26 2020 10:01:42 GMT+0700 (WIB)
92,itemtransaction-282,112,84,2,Sun Apr 26 2020 10:01:42 GMT+0700 (WIB),Sun Apr 26 2020 10:01:42 GMT+0700 (WIB)
93,itemtransaction-283,118,71,1,Sun Apr 26 2020 10:01:42 GMT+0700 (WIB),Sun Apr 26 2020 10:01:42 GMT+0700 (WIB)
94,itemtransaction-284,112,80,2,Sun Apr 26 2020 10:01:42 GMT+0700 (WIB),Sun Apr 26 2020 10:01:42 GMT+0700 (WIB)
95,itemtransaction-285,127,78,1,Sun Apr 26 2020 10:01:42 GMT+0700 (WIB),Sun Apr 26 2020 10:01:42 GMT+0700 (WIB)
96,itemtransaction-286,75,81,1,Sun Apr 26 2020 10:01:42 GMT+0700 (WIB),Sun Apr 26 2020 10:01:42 GMT+0700 (WIB)
97,itemtransaction-287,112,82,2,Sun Apr 26 2020 10:01:42 GMT+0700 (WIB),Sun Apr 26 2020 10:01:42 GMT+0700 (WIB)
98,itemtransaction-288,97,68,1,Sun Apr 26 2020 10:01:42 GMT+0700 (WIB),Sun Apr 26 2020 10:01:42 GMT+0700 (WIB)
99,itemtransaction-289,81,68,1,Sun Apr 26 2020 10:01:42 GMT+0700 (WIB),Sun Apr 26 2020 10:01:42 GMT+0700 (WIB)
100,itemtransaction-290,80,68,1,Sun Apr 26 2020 10:01:42 GMT+0700 (WIB),Sun Apr 26 2020 10:01:42 GMT+0700 (WIB)
101,itemtransaction-291,112,75,1,Sun Apr 26 2020 10:01:42 GMT+0700 (WIB),Sun Apr 26 2020 10:01:42 GMT+0700 (WIB)
102,itemtransaction-292,112,72,2,Sun Apr 26 2020 10:01:42 GMT+0700 (WIB),Sun Apr 26 2020 10:01:42 GMT+0700 (WIB)
103,itemtransaction-293,112,83,2,Sun Apr 26 2020 10:01:42 GMT+0700 (WIB),Sun Apr 26 2020 10:01:42 GMT+0700 (WIB)
104,itemtransaction-294,80,86,1,Sun Apr 26 2020 10:01:42 GMT+0700 (WIB),Sun Apr 26 2020 10:01:42 GMT+0700 (WIB)
105,itemtransaction-295,57,76,1,Sun Apr 26 2020 10:01:42 GMT+0700 (WIB),Sun Apr 26 2020 10:01:42 GMT+0700 (WIB)
106,itemtransaction-296,125,87,1,Sun Apr 26 2020 10:01:42 GMT+0700 (WIB),Sun Apr 26 2020 10:01:42 GMT+0700 (WIB)
107,itemtransaction-298,130,88,1,Sun Apr 26 2020 10:01:42 GMT+0700 (WIB),Sun Apr 26 2020 10:01:42 GMT+0700 (WIB)
108,itemtransaction-299,57,89,2,Sun Apr 26 2020 10:01:42 GMT+0700 (WIB),Sun Apr 26 2020 10:01:42 GMT+0700 (WIB)
109,itemtransaction-300,57,90,1,Sun Apr 26 2020 10:01:42 GMT+0700 (WIB),Sun Apr 26 2020 10:01:42 GMT+0700 (WIB)
110,itemtransaction-301,57,91,2,Sun Apr 26 2020 10:01:42 GMT+0700 (WIB),Sun Apr 26 2020 10:01:42 GMT+0700 (WIB)
111,itemtransaction-302,57,92,1,Sun Apr 26 2020 10:01:42 GMT+0700 (WIB),Sun Apr 26 2020 10:01:42 GMT+0700 (WIB)
112,itemtransaction-303,108,93,1,Sun Apr 26 2020 10:01:42 GMT+0700 (WIB),Sun Apr 26 2020 10:01:42 GMT+0700 (WIB)
113,itemtransaction-304,76,94,1,Sun Apr 26 2020 10:01:42 GMT+0700 (WIB),Sun Apr 26 2020 10:01:42 GMT+0700 (WIB)
114,itemtransaction-305,125,95,2,Sun Apr 26 2020 10:01:42 GMT+0700 (WIB),Sun Apr 26 2020 10:01:42 GMT+0700 (WIB)
115,itemtransaction-306,57,96,2,Sun Apr 26 2020 10:01:42 GMT+0700 (WIB),Sun Apr 26 2020 10:01:42 GMT+0700 (WIB)
116,itemtransaction-307,108,97,1,Sun Apr 26 2020 10:01:42 GMT+0700 (WIB),Sun Apr 26 2020 10:01:42 GMT+0700 (WIB)
117,itemtransaction-308,108,98,1,Sun Apr 26 2020 10:01:42 GMT+0700 (WIB),Sun Apr 26 2020 10:01:42 GMT+0700 (WIB)
118,itemtransaction-309,124,98,1,Sun Apr 26 2020 10:01:42 GMT+0700 (WIB),Sun Apr 26 2020 10:01:42 GMT+0700 (WIB)
119,itemtransaction-310,67,99,1,Sun Apr 26 2020 10:01:42 GMT+0700 (WIB),Sun Apr 26 2020 10:01:42 GMT+0700 (WIB)
120,itemtransaction-311,124,100,1,Sun Apr 26 2020 10:01:42 GMT+0700 (WIB),Sun Apr 26 2020 10:01:42 GMT+0700 (WIB)
121,itemtransaction-312,112,101,1,Sun Apr 26 2020 10:01:42 GMT+0700 (WIB),Sun Apr 26 2020 10:01:42 GMT+0700 (WIB)
122,itemtransaction-313,118,102,1,Sun Apr 26 2020 10:01:42 GMT+0700 (WIB),Sun Apr 26 2020 10:01:42 GMT+0700 (WIB)
123,itemtransaction-314,112,103,1,Sun Apr 26 2020 10:01:42 GMT+0700 (WIB),Sun Apr 26 2020 10:01:42 GMT+0700 (WIB)
124,itemtransaction-315,57,104,2,Sun Apr 26 2020 10:01:42 GMT+0700 (WIB),Sun Apr 26 2020 10:01:42 GMT+0700 (WIB)
125,itemtransaction-316,112,105,1,Sun Apr 26 2020 10:01:42 GMT+0700 (WIB),Sun Apr 26 2020 10:01:42 GMT+0700 (WIB)
126,itemtransaction-317,112,106,1,Sun Apr 26 2020 10:01:42 GMT+0700 (WIB),Sun Apr 26 2020 10:01:42 GMT+0700 (WIB)
127,itemtransaction-318,57,106,1,Sun Apr 26 2020 10:01:42 GMT+0700 (WIB),Sun Apr 26 2020 10:01:42 GMT+0700 (WIB)
128,itemtransaction-319,67,107,2,Sun Apr 26 2020 10:01:42 GMT+0700 (WIB),Sun Apr 26 2020 10:01:42 GMT+0700 (WIB)
129,itemtransaction-320,112,108,1,Sun Apr 26 2020 10:01:42 GMT+0700 (WIB),Sun Apr 26 2020 10:01:42 GMT+0700 (WIB)
130,itemtransaction-321,112,109,1,Sun Apr 26 2020 10:01:42 GMT+0700 (WIB),Sun Apr 26 2020 10:01:42 GMT+0700 (WIB)
131,itemtransaction-322,57,110,1,Sun Apr 26 2020 10:01:42 GMT+0700 (WIB),Sun Apr 26 2020 10:01:42 GMT+0700 (WIB)
132,itemtransaction-323,85,111,1,Sun Apr 26 2020 10:01:42 GMT+0700 (WIB),Sun Apr 26 2020 10:01:42 GMT+0700 (WIB)
133,itemtransaction-324,96,111,1,Sun Apr 26 2020 10:01:42 GMT+0700 (WIB),Sun Apr 26 2020 10:01:42 GMT+0700 (WIB)
134,itemtransaction-325,118,111,1,Sun Apr 26 2020 10:01:42 GMT+0700 (WIB),Sun Apr 26 2020 10:01:42 GMT+0700 (WIB)
135,itemtransaction-327,131,112,1,Sun Apr 26 2020 10:01:42 GMT+0700 (WIB),Sun Apr 26 2020 10:01:42 GMT+0700 (WIB)
136,itemtransaction-328,103,113,1,Sun Apr 26 2020 10:01:42 GMT+0700 (WIB),Sun Apr 26 2020 10:01:42 GMT+0700 (WIB)
137,itemtransaction-329,69,114,1,Sun Apr 26 2020 10:01:42 GMT+0700 (WIB),Sun Apr 26 2020 10:01:42 GMT+0700 (WIB)
138,itemtransaction-330,68,114,1,Sun Apr 26 2020 10:01:42 GMT+0700 (WIB),Sun Apr 26 2020 10:01:42 GMT+0700 (WIB)
139,itemtransaction-331,57,115,3,Sun Apr 26 2020 10:01:42 GMT+0700 (WIB),Sun Apr 26 2020 10:01:42 GMT+0700 (WIB)
140,itemtransaction-332,92,116,1,Sun Apr 26 2020 10:01:42 GMT+0700 (WIB),Sun Apr 26 2020 10:01:42 GMT+0700 (WIB)
141,itemtransaction-333,128,117,1,Sun Apr 26 2020 10:01:42 GMT+0700 (WIB),Sun Apr 26 2020 10:01:42 GMT+0700 (WIB)
142,itemtransaction-334,131,118,1,Sun Apr 26 2020 10:01:42 GMT+0700 (WIB),Sun Apr 26 2020 10:01:42 GMT+0700 (WIB)
143,itemtransaction-335,108,119,1,Sun Apr 26 2020 10:01:42 GMT+0700 (WIB),Sun Apr 26 2020 10:01:42 GMT+0700 (WIB)
144,itemtransaction-336,69,120,1,Sun Apr 26 2020 10:01:42 GMT+0700 (WIB),Sun Apr 26 2020 10:01:42 GMT+0700 (WIB)
145,itemtransaction-337,108,121,1,Sun Apr 26 2020 10:01:42 GMT+0700 (WIB),Sun Apr 26 2020 10:01:42 GMT+0700 (WIB)
146,itemtransaction-338,67,121,1,Sun Apr 26 2020 10:01:42 GMT+0700 (WIB),Sun Apr 26 2020 10:01:42 GMT+0700 (WIB)
147,itemtransaction-339,108,122,1,Sun Apr 26 2020 10:01:42 GMT+0700 (WIB),Sun Apr 26 2020 10:01:42 GMT+0700 (WIB)
148,itemtransaction-340,126,122,1,Sun Apr 26 2020 10:01:42 GMT+0700 (WIB),Sun Apr 26 2020 10:01:42 GMT+0700 (WIB)
149,itemtransaction-341,120,123,1,Sun Apr 26 2020 10:01:42 GMT+0700 (WIB),Sun Apr 26 2020 10:01:42 GMT+0700 (WIB)
150,itemtransaction-342,95,123,1,Sun Apr 26 2020 10:01:42 GMT+0700 (WIB),Sun Apr 26 2020 10:01:42 GMT+0700 (WIB)
151,itemtransaction-343,97,124,1,Sun Apr 26 2020 10:01:42 GMT+0700 (WIB),Sun Apr 26 2020 10:01:42 GMT+0700 (WIB)
152,itemtransaction-344,84,124,1,Sun Apr 26 2020 10:01:42 GMT+0700 (WIB),Sun Apr 26 2020 10:01:42 GMT+0700 (WIB)
153,itemtransaction-345,122,125,1,Sun Apr 26 2020 10:01:42 GMT+0700 (WIB),Sun Apr 26 2020 10:01:42 GMT+0700 (WIB)
154,itemtransaction-346,124,126,1,Sun Apr 26 2020 10:01:42 GMT+0700 (WIB),Sun Apr 26 2020 10:01:42 GMT+0700 (WIB)
155,itemtransaction-348,132,127,1,Sun Apr 26 2020 10:01:42 GMT+0700 (WIB),Sun Apr 26 2020 10:01:42 GMT+0700 (WIB)
156,itemtransaction-351,122,129,1,Sun Apr 26 2020 10:01:42 GMT+0700 (WIB),Sun Apr 26 2020 10:01:42 GMT+0700 (WIB)
157,itemtransaction-364,57,137,1,Sun Apr 26 2020 10:01:42 GMT+0700 (WIB),Sun Apr 26 2020 10:01:42 GMT+0700 (WIB)
158,itemtransaction-368,81,141,1,Sun Apr 26 2020 10:01:42 GMT+0700 (WIB),Sun Apr 26 2020 10:01:42 GMT+0700 (WIB)
159,itemtransaction-378,57,149,1,Sun Apr 26 2020 10:01:42 GMT+0700 (WIB),Sun Apr 26 2020 10:01:42 GMT+0700 (WIB)
160,itemtransaction-412,57,175,2,Sun Apr 26 2020 10:01:42 GMT+0700 (WIB),Sun Apr 26 2020 10:01:42 GMT+0700 (WIB)
161,itemtransaction-413,57,176,1,Sun Apr 26 2020 10:01:42 GMT+0700 (WIB),Sun Apr 26 2020 10:01:42 GMT+0700 (WIB)
162,itemtransaction-414,57,177,1,Sun Apr 26 2020 10:01:42 GMT+0700 (WIB),Sun Apr 26 2020 10:01:42 GMT+0700 (WIB)
163,itemtransaction-349,105,128,1,Sun Apr 26 2020 10:01:42 GMT+0700 (WIB),Sun Apr 26 2020 10:01:42 GMT+0700 (WIB)
164,itemtransaction-350,120,129,1,Sun Apr 26 2020 10:01:42 GMT+0700 (WIB),Sun Apr 26 2020 10:01:42 GMT+0700 (WIB)
165,itemtransaction-352,95,129,1,Sun Apr 26 2020 10:01:42 GMT+0700 (WIB),Sun Apr 26 2020 10:01:42 GMT+0700 (WIB)
166,itemtransaction-353,121,129,1,Sun Apr 26 2020 10:01:42 GMT+0700 (WIB),Sun Apr 26 2020 10:01:42 GMT+0700 (WIB)
167,itemtransaction-356,116,131,1,Sun Apr 26 2020 10:01:42 GMT+0700 (WIB),Sun Apr 26 2020 10:01:42 GMT+0700 (WIB)
168,itemtransaction-358,95,132,1,Sun Apr 26 2020 10:01:42 GMT+0700 (WIB),Sun Apr 26 2020 10:01:42 GMT+0700 (WIB)
169,itemtransaction-363,57,136,30,Sun Apr 26 2020 10:01:42 GMT+0700 (WIB),Sun Apr 26 2020 10:01:42 GMT+0700 (WIB)
170,itemtransaction-367,57,140,1,Sun Apr 26 2020 10:01:42 GMT+0700 (WIB),Sun Apr 26 2020 10:01:42 GMT+0700 (WIB)
171,itemtransaction-369,67,142,1,Sun Apr 26 2020 10:01:42 GMT+0700 (WIB),Sun Apr 26 2020 10:01:42 GMT+0700 (WIB)
172,itemtransaction-370,85,143,1,Sun Apr 26 2020 10:01:42 GMT+0700 (WIB),Sun Apr 26 2020 10:01:42 GMT+0700 (WIB)
173,itemtransaction-371,96,143,1,Sun Apr 26 2020 10:01:42 GMT+0700 (WIB),Sun Apr 26 2020 10:01:42 GMT+0700 (WIB)
174,itemtransaction-373,57,145,1,Sun Apr 26 2020 10:01:42 GMT+0700 (WIB),Sun Apr 26 2020 10:01:42 GMT+0700 (WIB)
175,itemtransaction-382,133,151,1,Sun Apr 26 2020 10:01:42 GMT+0700 (WIB),Sun Apr 26 2020 10:01:42 GMT+0700 (WIB)
176,itemtransaction-389,92,158,1,Sun Apr 26 2020 10:01:42 GMT+0700 (WIB),Sun Apr 26 2020 10:01:42 GMT+0700 (WIB)
177,itemtransaction-391,57,160,1,Sun Apr 26 2020 10:01:42 GMT+0700 (WIB),Sun Apr 26 2020 10:01:42 GMT+0700 (WIB)
178,itemtransaction-395,57,164,1,Sun Apr 26 2020 10:01:42 GMT+0700 (WIB),Sun Apr 26 2020 10:01:42 GMT+0700 (WIB)
179,itemtransaction-396,97,165,1,Sun Apr 26 2020 10:01:42 GMT+0700 (WIB),Sun Apr 26 2020 10:01:42 GMT+0700 (WIB)
180,itemtransaction-403,57,171,5,Sun Apr 26 2020 10:01:42 GMT+0700 (WIB),Sun Apr 26 2020 10:01:42 GMT+0700 (WIB)
181,itemtransaction-410,84,174,1,Sun Apr 26 2020 10:01:42 GMT+0700 (WIB),Sun Apr 26 2020 10:01:42 GMT+0700 (WIB)
182,itemtransaction-411,84,175,1,Sun Apr 26 2020 10:01:42 GMT+0700 (WIB),Sun Apr 26 2020 10:01:42 GMT+0700 (WIB)
183,itemtransaction-354,33,129,1,Sun Apr 26 2020 10:01:42 GMT+0700 (WIB),Sun Apr 26 2020 10:01:42 GMT+0700 (WIB)
184,itemtransaction-357,109,131,1,Sun Apr 26 2020 10:01:42 GMT+0700 (WIB),Sun Apr 26 2020 10:01:42 GMT+0700 (WIB)
185,itemtransaction-359,120,132,1,Sun Apr 26 2020 10:01:42 GMT+0700 (WIB),Sun Apr 26 2020 10:01:42 GMT+0700 (WIB)
186,itemtransaction-390,57,159,1,Sun Apr 26 2020 10:01:42 GMT+0700 (WIB),Sun Apr 26 2020 10:01:42 GMT+0700 (WIB)
187,itemtransaction-393,124,162,1,Sun Apr 26 2020 10:01:42 GMT+0700 (WIB),Sun Apr 26 2020 10:01:42 GMT+0700 (WIB)
188,itemtransaction-397,125,166,1,Sun Apr 26 2020 10:01:42 GMT+0700 (WIB),Sun Apr 26 2020 10:01:42 GMT+0700 (WIB)
189,itemtransaction-355,80,130,1,Sun Apr 26 2020 10:01:42 GMT+0700 (WIB),Sun Apr 26 2020 10:01:42 GMT+0700 (WIB)
190,itemtransaction-360,113,133,1,Sun Apr 26 2020 10:01:42 GMT+0700 (WIB),Sun Apr 26 2020 10:01:42 GMT+0700 (WIB)
191,itemtransaction-361,82,134,1,Sun Apr 26 2020 10:01:42 GMT+0700 (WIB),Sun Apr 26 2020 10:01:42 GMT+0700 (WIB)
192,itemtransaction-374,108,146,1,Sun Apr 26 2020 10:01:42 GMT+0700 (WIB),Sun Apr 26 2020 10:01:42 GMT+0700 (WIB)
193,itemtransaction-377,97,148,1,Sun Apr 26 2020 10:01:42 GMT+0700 (WIB),Sun Apr 26 2020 10:01:42 GMT+0700 (WIB)
194,itemtransaction-383,57,152,4,Sun Apr 26 2020 10:01:42 GMT+0700 (WIB),Sun Apr 26 2020 10:01:42 GMT+0700 (WIB)
195,itemtransaction-384,57,153,5,Sun Apr 26 2020 10:01:42 GMT+0700 (WIB),Sun Apr 26 2020 10:01:42 GMT+0700 (WIB)
196,itemtransaction-385,57,154,1,Sun Apr 26 2020 10:01:42 GMT+0700 (WIB),Sun Apr 26 2020 10:01:42 GMT+0700 (WIB)
197,itemtransaction-386,57,155,1,Sun Apr 26 2020 10:01:42 GMT+0700 (WIB),Sun Apr 26 2020 10:01:42 GMT+0700 (WIB)
198,itemtransaction-392,57,161,1,Sun Apr 26 2020 10:01:42 GMT+0700 (WIB),Sun Apr 26 2020 10:01:42 GMT+0700 (WIB)
199,itemtransaction-399,124,168,1,Sun Apr 26 2020 10:01:42 GMT+0700 (WIB),Sun Apr 26 2020 10:01:42 GMT+0700 (WIB)
200,itemtransaction-401,101,169,1,Sun Apr 26 2020 10:01:42 GMT+0700 (WIB),Sun Apr 26 2020 10:01:42 GMT+0700 (WIB)
201,itemtransaction-406,57,172,3,Sun Apr 26 2020 10:01:42 GMT+0700 (WIB),Sun Apr 26 2020 10:01:42 GMT+0700 (WIB)
202,itemtransaction-415,57,178,2,Sun Apr 26 2020 10:01:42 GMT+0700 (WIB),Sun Apr 26 2020 10:01:42 GMT+0700 (WIB)
203,itemtransaction-416,120,179,1,Sun Apr 26 2020 10:01:42 GMT+0700 (WIB),Sun Apr 26 2020 10:01:42 GMT+0700 (WIB)
204,itemtransaction-417,57,180,3,Sun Apr 26 2020 10:01:42 GMT+0700 (WIB),Sun Apr 26 2020 10:01:42 GMT+0700 (WIB)
205,itemtransaction-362,108,135,1,Sun Apr 26 2020 10:01:42 GMT+0700 (WIB),Sun Apr 26 2020 10:01:42 GMT+0700 (WIB)
206,itemtransaction-365,97,138,1,Sun Apr 26 2020 10:01:42 GMT+0700 (WIB),Sun Apr 26 2020 10:01:42 GMT+0700 (WIB)
207,itemtransaction-366,97,139,1,Sun Apr 26 2020 10:01:42 GMT+0700 (WIB),Sun Apr 26 2020 10:01:42 GMT+0700 (WIB)
208,itemtransaction-372,57,144,1,Sun Apr 26 2020 10:01:42 GMT+0700 (WIB),Sun Apr 26 2020 10:01:42 GMT+0700 (WIB)
209,itemtransaction-375,46,147,1,Sun Apr 26 2020 10:01:42 GMT+0700 (WIB),Sun Apr 26 2020 10:01:42 GMT+0700 (WIB)
210,itemtransaction-376,109,148,1,Sun Apr 26 2020 10:01:42 GMT+0700 (WIB),Sun Apr 26 2020 10:01:42 GMT+0700 (WIB)
211,itemtransaction-379,90,150,1,Sun Apr 26 2020 10:01:42 GMT+0700 (WIB),Sun Apr 26 2020 10:01:42 GMT+0700 (WIB)
212,itemtransaction-380,105,150,1,Sun Apr 26 2020 10:01:42 GMT+0700 (WIB),Sun Apr 26 2020 10:01:42 GMT+0700 (WIB)
213,itemtransaction-387,57,156,1,Sun Apr 26 2020 10:01:42 GMT+0700 (WIB),Sun Apr 26 2020 10:01:42 GMT+0700 (WIB)
214,itemtransaction-388,57,157,1,Sun Apr 26 2020 10:01:42 GMT+0700 (WIB),Sun Apr 26 2020 10:01:42 GMT+0700 (WIB)
215,itemtransaction-394,57,163,1,Sun Apr 26 2020 10:01:42 GMT+0700 (WIB),Sun Apr 26 2020 10:01:42 GMT+0700 (WIB)
216,itemtransaction-398,80,167,1,Sun Apr 26 2020 10:01:42 GMT+0700 (WIB),Sun Apr 26 2020 10:01:42 GMT+0700 (WIB)
217,itemtransaction-400,125,168,10,Sun Apr 26 2020 10:01:42 GMT+0700 (WIB),Sun Apr 26 2020 10:01:42 GMT+0700 (WIB)
218,itemtransaction-402,57,170,1,Sun Apr 26 2020 10:01:42 GMT+0700 (WIB),Sun Apr 26 2020 10:01:42 GMT+0700 (WIB)
219,itemtransaction-407,57,173,3,Sun Apr 26 2020 10:01:42 GMT+0700 (WIB),Sun Apr 26 2020 10:01:42 GMT+0700 (WIB)
220,itemtransaction-408,133,173,1,Sun Apr 26 2020 10:01:42 GMT+0700 (WIB),Sun Apr 26 2020 10:01:42 GMT+0700 (WIB)
221,itemtransaction-409,125,174,5,Sun Apr 26 2020 10:01:42 GMT+0700 (WIB),Sun Apr 26 2020 10:01:42 GMT+0700 (WIB)
222,itemtransaction-419,134,187,1,Sun Apr 26 2020 10:01:42 GMT+0700 (WIB),Sun Apr 26 2020 10:01:42 GMT+0700 (WIB)
223,itemtransaction-420,57,181,2,Sun Apr 26 2020 10:01:42 GMT+0700 (WIB),Sun Apr 26 2020 10:01:42 GMT+0700 (WIB)
224,itemtransaction-421,57,188,2,Sun Apr 26 2020 10:01:42 GMT+0700 (WIB),Sun Apr 26 2020 10:01:42 GMT+0700 (WIB)
225,itemtransaction-422,57,193,3,Sun Apr 26 2020 10:01:42 GMT+0700 (WIB),Sun Apr 26 2020 10:01:42 GMT+0700 (WIB)
226,itemtransaction-423,57,198,1,Sun Apr 26 2020 10:01:42 GMT+0700 (WIB),Sun Apr 26 2020 10:01:42 GMT+0700 (WIB)
227,itemtransaction-424,97,199,1,Sun Apr 26 2020 10:01:42 GMT+0700 (WIB),Sun Apr 26 2020 10:01:42 GMT+0700 (WIB)
228,itemtransaction-425,80,199,1,Sun Apr 26 2020 10:01:42 GMT+0700 (WIB),Sun Apr 26 2020 10:01:42 GMT+0700 (WIB)
229,itemtransaction-426,105,199,1,Sun Apr 26 2020 10:01:42 GMT+0700 (WIB),Sun Apr 26 2020 10:01:42 GMT+0700 (WIB)
230,itemtransaction-427,57,206,2,Sun Apr 26 2020 10:01:42 GMT+0700 (WIB),Sun Apr 26 2020 10:01:42 GMT+0700 (WIB)
231,itemtransaction-428,57,207,1,Sun Apr 26 2020 10:01:42 GMT+0700 (WIB),Sun Apr 26 2020 10:01:42 GMT+0700 (WIB)
232,itemtransaction-429,57,194,1,Sun Apr 26 2020 10:01:42 GMT+0700 (WIB),Sun Apr 26 2020 10:01:42 GMT+0700 (WIB)
233,itemtransaction-430,90,216,1,Sun Apr 26 2020 10:01:42 GMT+0700 (WIB),Sun Apr 26 2020 10:01:42 GMT+0700 (WIB)
234,itemtransaction-431,124,195,1,Sun Apr 26 2020 10:01:42 GMT+0700 (WIB),Sun Apr 26 2020 10:01:42 GMT+0700 (WIB)
235,itemtransaction-432,57,196,2,Sun Apr 26 2020 10:01:42 GMT+0700 (WIB),Sun Apr 26 2020 10:01:42 GMT+0700 (WIB)
236,itemtransaction-433,57,220,1,Sun Apr 26 2020 10:01:42 GMT+0700 (WIB),Sun Apr 26 2020 10:01:42 GMT+0700 (WIB)
237,itemtransaction-434,57,208,2,Sun Apr 26 2020 10:01:43 GMT+0700 (WIB),Sun Apr 26 2020 10:01:43 GMT+0700 (WIB)
238,itemtransaction-436,135,189,1,Sun Apr 26 2020 10:01:43 GMT+0700 (WIB),Sun Apr 26 2020 10:01:43 GMT+0700 (WIB)
239,itemtransaction-438,105,190,1,Sun Apr 26 2020 10:01:43 GMT+0700 (WIB),Sun Apr 26 2020 10:01:43 GMT+0700 (WIB)
240,itemtransaction-439,81,190,1,Sun Apr 26 2020 10:01:43 GMT+0700 (WIB),Sun Apr 26 2020 10:01:43 GMT+0700 (WIB)
241,itemtransaction-440,135,200,1,Sun Apr 26 2020 10:01:43 GMT+0700 (WIB),Sun Apr 26 2020 10:01:43 GMT+0700 (WIB)
242,itemtransaction-441,113,182,1,Sun Apr 26 2020 10:01:43 GMT+0700 (WIB),Sun Apr 26 2020 10:01:43 GMT+0700 (WIB)
243,itemtransaction-442,84,209,3,Sun Apr 26 2020 10:01:43 GMT+0700 (WIB),Sun Apr 26 2020 10:01:43 GMT+0700 (WIB)
244,itemtransaction-444,57,210,1,Sun Apr 26 2020 10:01:43 GMT+0700 (WIB),Sun Apr 26 2020 10:01:43 GMT+0700 (WIB)
245,itemtransaction-445,136,217,1,Sun Apr 26 2020 10:01:43 GMT+0700 (WIB),Sun Apr 26 2020 10:01:43 GMT+0700 (WIB)
246,itemtransaction-446,124,201,1,Sun Apr 26 2020 10:01:43 GMT+0700 (WIB),Sun Apr 26 2020 10:01:43 GMT+0700 (WIB)
247,itemtransaction-447,34,184,1,Sun Apr 26 2020 10:01:43 GMT+0700 (WIB),Sun Apr 26 2020 10:01:43 GMT+0700 (WIB)
248,itemtransaction-448,22,185,1,Sun Apr 26 2020 10:01:43 GMT+0700 (WIB),Sun Apr 26 2020 10:01:43 GMT+0700 (WIB)
249,itemtransaction-449,57,218,2,Sun Apr 26 2020 10:01:43 GMT+0700 (WIB),Sun Apr 26 2020 10:01:43 GMT+0700 (WIB)
250,itemtransaction-450,95,202,1,Sun Apr 26 2020 10:01:43 GMT+0700 (WIB),Sun Apr 26 2020 10:01:43 GMT+0700 (WIB)
251,itemtransaction-451,74,211,1,Sun Apr 26 2020 10:01:43 GMT+0700 (WIB),Sun Apr 26 2020 10:01:43 GMT+0700 (WIB)
252,itemtransaction-452,76,211,1,Sun Apr 26 2020 10:01:43 GMT+0700 (WIB),Sun Apr 26 2020 10:01:43 GMT+0700 (WIB)
253,itemtransaction-453,90,211,1,Sun Apr 26 2020 10:01:43 GMT+0700 (WIB),Sun Apr 26 2020 10:01:43 GMT+0700 (WIB)
254,itemtransaction-454,105,203,1,Sun Apr 26 2020 10:01:43 GMT+0700 (WIB),Sun Apr 26 2020 10:01:43 GMT+0700 (WIB)
255,itemtransaction-455,125,203,2,Sun Apr 26 2020 10:01:43 GMT+0700 (WIB),Sun Apr 26 2020 10:01:43 GMT+0700 (WIB)
256,itemtransaction-456,84,221,1,Sun Apr 26 2020 10:01:43 GMT+0700 (WIB),Sun Apr 26 2020 10:01:43 GMT+0700 (WIB)
257,itemtransaction-457,98,221,1,Sun Apr 26 2020 10:01:43 GMT+0700 (WIB),Sun Apr 26 2020 10:01:43 GMT+0700 (WIB)
258,itemtransaction-458,100,221,1,Sun Apr 26 2020 10:01:43 GMT+0700 (WIB),Sun Apr 26 2020 10:01:43 GMT+0700 (WIB)
259,itemtransaction-459,135,212,1,Sun Apr 26 2020 10:01:43 GMT+0700 (WIB),Sun Apr 26 2020 10:01:43 GMT+0700 (WIB)
260,itemtransaction-460,135,186,1,Sun Apr 26 2020 10:01:43 GMT+0700 (WIB),Sun Apr 26 2020 10:01:43 GMT+0700 (WIB)
261,itemtransaction-461,135,213,1,Sun Apr 26 2020 10:01:43 GMT+0700 (WIB),Sun Apr 26 2020 10:01:43 GMT+0700 (WIB)
262,itemtransaction-462,57,191,2,Sun Apr 26 2020 10:01:43 GMT+0700 (WIB),Sun Apr 26 2020 10:01:43 GMT+0700 (WIB)
263,itemtransaction-463,57,222,3,Sun Apr 26 2020 10:01:43 GMT+0700 (WIB),Sun Apr 26 2020 10:01:43 GMT+0700 (WIB)
264,itemtransaction-464,57,224,1,Sun Apr 26 2020 10:01:43 GMT+0700 (WIB),Sun Apr 26 2020 10:01:43 GMT+0700 (WIB)
265,itemtransaction-465,57,214,2,Sun Apr 26 2020 10:01:43 GMT+0700 (WIB),Sun Apr 26 2020 10:01:43 GMT+0700 (WIB)
266,itemtransaction-466,84,223,1,Sun Apr 26 2020 10:01:43 GMT+0700 (WIB),Sun Apr 26 2020 10:01:43 GMT+0700 (WIB)
267,itemtransaction-467,113,225,1,Sun Apr 26 2020 10:01:43 GMT+0700 (WIB),Sun Apr 26 2020 10:01:43 GMT+0700 (WIB)
268,itemtransaction-468,57,225,3,Sun Apr 26 2020 10:01:43 GMT+0700 (WIB),Sun Apr 26 2020 10:01:43 GMT+0700 (WIB)
269,itemtransaction-469,66,204,1,Sun Apr 26 2020 10:01:43 GMT+0700 (WIB),Sun Apr 26 2020 10:01:43 GMT+0700 (WIB)
270,itemtransaction-470,118,204,1,Sun Apr 26 2020 10:01:43 GMT+0700 (WIB),Sun Apr 26 2020 10:01:43 GMT+0700 (WIB)
271,itemtransaction-471,121,215,1,Sun Apr 26 2020 10:01:43 GMT+0700 (WIB),Sun Apr 26 2020 10:01:43 GMT+0700 (WIB)
272,itemtransaction-472,78,215,1,Sun Apr 26 2020 10:01:43 GMT+0700 (WIB),Sun Apr 26 2020 10:01:43 GMT+0700 (WIB)
273,itemtransaction-473,113,205,1,Sun Apr 26 2020 10:01:43 GMT+0700 (WIB),Sun Apr 26 2020 10:01:43 GMT+0700 (WIB)
274,itemtransaction-474,109,205,1,Sun Apr 26 2020 10:01:43 GMT+0700 (WIB),Sun Apr 26 2020 10:01:43 GMT+0700 (WIB)
275,itemtransaction-475,135,197,1,Sun Apr 26 2020 10:01:43 GMT+0700 (WIB),Sun Apr 26 2020 10:01:43 GMT+0700 (WIB)
276,itemtransaction-476,57,192,3,Sun Apr 26 2020 10:01:43 GMT+0700 (WIB),Sun Apr 26 2020 10:01:43 GMT+0700 (WIB)
277,itemtransaction-477,80,183,1,Sun Apr 26 2020 10:01:43 GMT+0700 (WIB),Sun Apr 26 2020 10:01:43 GMT+0700 (WIB)
278,itemtransaction-478,85,183,1,Sun Apr 26 2020 10:01:43 GMT+0700 (WIB),Sun Apr 26 2020 10:01:43 GMT+0700 (WIB)
279,itemtransaction-480,118,219,1,Sun Apr 26 2020 10:01:43 GMT+0700 (WIB),Sun Apr 26 2020 10:01:43 GMT+0700 (WIB)
280,itemtransaction-481,57,226,1,Sun Apr 26 2020 10:01:43 GMT+0700 (WIB),Sun Apr 26 2020 10:01:43 GMT+0700 (WIB)
281,itemtransaction-482,135,226,1,Sun Apr 26 2020 10:01:43 GMT+0700 (WIB),Sun Apr 26 2020 10:01:43 GMT+0700 (WIB)
282,itemtransaction-483,20,227,1,Sun Apr 26 2020 10:01:43 GMT+0700 (WIB),Sun Apr 26 2020 10:01:43 GMT+0700 (WIB)
283,itemtransaction-484,57,228,2,Sun Apr 26 2020 10:01:43 GMT+0700 (WIB),Sun Apr 26 2020 10:01:43 GMT+0700 (WIB)
284,itemtransaction-485,57,229,4,Sun Apr 26 2020 10:01:43 GMT+0700 (WIB),Sun Apr 26 2020 10:01:43 GMT+0700 (WIB)
285,itemtransaction-486,3,230,1,Sun Apr 26 2020 10:01:43 GMT+0700 (WIB),Sun Apr 26 2020 10:01:43 GMT+0700 (WIB)
286,itemtransaction-487,128,230,1,Sun Apr 26 2020 10:01:43 GMT+0700 (WIB),Sun Apr 26 2020 10:01:43 GMT+0700 (WIB)
287,itemtransaction-488,57,231,3,Sun Apr 26 2020 10:01:43 GMT+0700 (WIB),Sun Apr 26 2020 10:01:43 GMT+0700 (WIB)
288,itemtransaction-489,135,232,2,Sun Apr 26 2020 10:01:43 GMT+0700 (WIB),Sun Apr 26 2020 10:01:43 GMT+0700 (WIB)
289,itemtransaction-492,18,233,1,Sun Apr 26 2020 10:01:43 GMT+0700 (WIB),Sun Apr 26 2020 10:01:43 GMT+0700 (WIB)
290,itemtransaction-493,19,233,1,Sun Apr 26 2020 10:01:43 GMT+0700 (WIB),Sun Apr 26 2020 10:01:43 GMT+0700 (WIB)
291,itemtransaction-494,135,234,1,Sun Apr 26 2020 10:01:43 GMT+0700 (WIB),Sun Apr 26 2020 10:01:43 GMT+0700 (WIB)
292,itemtransaction-497,64,235,1,Sun Apr 26 2020 10:01:43 GMT+0700 (WIB),Sun Apr 26 2020 10:01:43 GMT+0700 (WIB)
293,itemtransaction-498,124,235,1,Sun Apr 26 2020 10:01:43 GMT+0700 (WIB),Sun Apr 26 2020 10:01:43 GMT+0700 (WIB)
294,itemtransaction-499,57,236,2,Sun Apr 26 2020 10:01:43 GMT+0700 (WIB),Sun Apr 26 2020 10:01:43 GMT+0700 (WIB)
295,itemtransaction-500,57,237,1,Sun Apr 26 2020 10:01:43 GMT+0700 (WIB),Sun Apr 26 2020 10:01:43 GMT+0700 (WIB)
296,itemtransaction-501,135,237,1,Sun Apr 26 2020 10:01:43 GMT+0700 (WIB),Sun Apr 26 2020 10:01:43 GMT+0700 (WIB)
297,itemtransaction-502,98,238,1,Sun Apr 26 2020 10:01:43 GMT+0700 (WIB),Sun Apr 26 2020 10:01:43 GMT+0700 (WIB)
298,itemtransaction-503,100,238,1,Sun Apr 26 2020 10:01:43 GMT+0700 (WIB),Sun Apr 26 2020 10:01:43 GMT+0700 (WIB)
299,itemtransaction-504,111,238,1,Sun Apr 26 2020 10:01:43 GMT+0700 (WIB),Sun Apr 26 2020 10:01:43 GMT+0700 (WIB)
300,itemtransaction-505,96,238,1,Sun Apr 26 2020 10:01:43 GMT+0700 (WIB),Sun Apr 26 2020 10:01:43 GMT+0700 (WIB)
301,itemtransaction-506,85,238,1,Sun Apr 26 2020 10:01:43 GMT+0700 (WIB),Sun Apr 26 2020 10:01:43 GMT+0700 (WIB)
302,itemtransaction-507,57,238,1,Sun Apr 26 2020 10:01:43 GMT+0700 (WIB),Sun Apr 26 2020 10:01:43 GMT+0700 (WIB)
303,itemtransaction-508,85,239,1,Sun Apr 26 2020 10:01:43 GMT+0700 (WIB),Sun Apr 26 2020 10:01:43 GMT+0700 (WIB)
304,itemtransaction-509,76,240,1,Sun Apr 26 2020 10:01:43 GMT+0700 (WIB),Sun Apr 26 2020 10:01:43 GMT+0700 (WIB)
305,itemtransaction-510,113,240,1,Sun Apr 26 2020 10:01:43 GMT+0700 (WIB),Sun Apr 26 2020 10:01:43 GMT+0700 (WIB)
306,itemtransaction-511,111,240,1,Sun Apr 26 2020 10:01:43 GMT+0700 (WIB),Sun Apr 26 2020 10:01:43 GMT+0700 (WIB)
307,itemtransaction-512,96,241,1,Sun Apr 26 2020 10:01:43 GMT+0700 (WIB),Sun Apr 26 2020 10:01:43 GMT+0700 (WIB)
308,itemtransaction-513,85,241,1,Sun Apr 26 2020 10:01:43 GMT+0700 (WIB),Sun Apr 26 2020 10:01:43 GMT+0700 (WIB)
309,itemtransaction-514,74,241,1,Sun Apr 26 2020 10:01:43 GMT+0700 (WIB),Sun Apr 26 2020 10:01:43 GMT+0700 (WIB)
310,itemtransaction-515,83,241,1,Sun Apr 26 2020 10:01:43 GMT+0700 (WIB),Sun Apr 26 2020 10:01:43 GMT+0700 (WIB)
311,itemtransaction-516,117,241,1,Sun Apr 26 2020 10:01:43 GMT+0700 (WIB),Sun Apr 26 2020 10:01:43 GMT+0700 (WIB)
312,itemtransaction-517,11,242,1,Sun Apr 26 2020 10:01:43 GMT+0700 (WIB),Sun Apr 26 2020 10:01:43 GMT+0700 (WIB)
313,itemtransaction-518,76,243,1,Sun Apr 26 2020 10:01:43 GMT+0700 (WIB),Sun Apr 26 2020 10:01:43 GMT+0700 (WIB)
314,itemtransaction-519,38,244,1,Sun Apr 26 2020 10:01:43 GMT+0700 (WIB),Sun Apr 26 2020 10:01:43 GMT+0700 (WIB)
315,itemtransaction-520,124,245,1,Sun Apr 26 2020 10:01:43 GMT+0700 (WIB),Sun Apr 26 2020 10:01:43 GMT+0700 (WIB)
316,itemtransaction-521,57,246,1,Sun Apr 26 2020 10:01:43 GMT+0700 (WIB),Sun Apr 26 2020 10:01:43 GMT+0700 (WIB)
317,itemtransaction-522,57,247,2,Sun Apr 26 2020 10:01:43 GMT+0700 (WIB),Sun Apr 26 2020 10:01:43 GMT+0700 (WIB)
318,itemtransaction-523,76,248,1,Sun Apr 26 2020 10:01:43 GMT+0700 (WIB),Sun Apr 26 2020 10:01:43 GMT+0700 (WIB)
319,itemtransaction-524,57,249,1,Sun Apr 26 2020 10:01:43 GMT+0700 (WIB),Sun Apr 26 2020 10:01:43 GMT+0700 (WIB)
320,itemtransaction-525,73,250,1,Sun Apr 26 2020 10:01:43 GMT+0700 (WIB),Sun Apr 26 2020 10:01:43 GMT+0700 (WIB)
321,itemtransaction-526,75,251,1,Sun Apr 26 2020 10:01:43 GMT+0700 (WIB),Sun Apr 26 2020 10:01:43 GMT+0700 (WIB)
322,itemtransaction-527,113,252,1,Sun Apr 26 2020 10:01:43 GMT+0700 (WIB),Sun Apr 26 2020 10:01:43 GMT+0700 (WIB)
323,itemtransaction-528,57,252,1,Sun Apr 26 2020 10:01:43 GMT+0700 (WIB),Sun Apr 26 2020 10:01:43 GMT+0700 (WIB)
324,itemtransaction-529,57,253,2,Sun Apr 26 2020 10:01:43 GMT+0700 (WIB),Sun Apr 26 2020 10:01:43 GMT+0700 (WIB)
325,itemtransaction-530,130,253,1,Sun Apr 26 2020 10:01:43 GMT+0700 (WIB),Sun Apr 26 2020 10:01:43 GMT+0700 (WIB)
326,itemtransaction-531,70,254,1,Sun Apr 26 2020 10:01:43 GMT+0700 (WIB),Sun Apr 26 2020 10:01:43 GMT+0700 (WIB)
327,itemtransaction-533,27,255,1,Sun Apr 26 2020 10:01:43 GMT+0700 (WIB),Sun Apr 26 2020 10:01:43 GMT+0700 (WIB)
328,itemtransaction-534,96,255,1,Sun Apr 26 2020 10:01:43 GMT+0700 (WIB),Sun Apr 26 2020 10:01:43 GMT+0700 (WIB)
329,itemtransaction-535,85,255,1,Sun Apr 26 2020 10:01:43 GMT+0700 (WIB),Sun Apr 26 2020 10:01:43 GMT+0700 (WIB)
330,itemtransaction-536,124,256,1,Sun Apr 26 2020 10:01:43 GMT+0700 (WIB),Sun Apr 26 2020 10:01:43 GMT+0700 (WIB)
331,itemtransaction-537,120,257,1,Sun Apr 26 2020 10:01:43 GMT+0700 (WIB),Sun Apr 26 2020 10:01:43 GMT+0700 (WIB)
332,itemtransaction-538,85,258,1,Sun Apr 26 2020 10:01:43 GMT+0700 (WIB),Sun Apr 26 2020 10:01:43 GMT+0700 (WIB)
333,itemtransaction-539,73,259,1,Sun Apr 26 2020 10:01:43 GMT+0700 (WIB),Sun Apr 26 2020 10:01:43 GMT+0700 (WIB)
334,itemtransaction-540,96,259,1,Sun Apr 26 2020 10:01:43 GMT+0700 (WIB),Sun Apr 26 2020 10:01:43 GMT+0700 (WIB)
335,itemtransaction-541,57,260,3,Sun Apr 26 2020 10:01:43 GMT+0700 (WIB),Sun Apr 26 2020 10:01:43 GMT+0700 (WIB)
336,itemtransaction-544,74,261,1,Sun Apr 26 2020 10:01:43 GMT+0700 (WIB),Sun Apr 26 2020 10:01:43 GMT+0700 (WIB)
337,itemtransaction-556,97,269,1,Sun Apr 26 2020 10:01:43 GMT+0700 (WIB),Sun Apr 26 2020 10:01:43 GMT+0700 (WIB)
338,itemtransaction-560,124,271,1,Sun Apr 26 2020 10:01:43 GMT+0700 (WIB),Sun Apr 26 2020 10:01:43 GMT+0700 (WIB)
339,itemtransaction-574,83,276,1,Sun Apr 26 2020 10:01:43 GMT+0700 (WIB),Sun Apr 26 2020 10:01:43 GMT+0700 (WIB)
340,itemtransaction-584,18,276,1,Sun Apr 26 2020 10:01:43 GMT+0700 (WIB),Sun Apr 26 2020 10:01:43 GMT+0700 (WIB)
341,itemtransaction-588,120,278,1,Sun Apr 26 2020 10:01:43 GMT+0700 (WIB),Sun Apr 26 2020 10:01:43 GMT+0700 (WIB)
342,itemtransaction-542,99,261,1,Sun Apr 26 2020 10:01:43 GMT+0700 (WIB),Sun Apr 26 2020 10:01:43 GMT+0700 (WIB)
343,itemtransaction-567,116,275,1,Sun Apr 26 2020 10:01:43 GMT+0700 (WIB),Sun Apr 26 2020 10:01:43 GMT+0700 (WIB)
344,itemtransaction-572,82,276,1,Sun Apr 26 2020 10:01:43 GMT+0700 (WIB),Sun Apr 26 2020 10:01:43 GMT+0700 (WIB)
345,itemtransaction-582,119,276,1,Sun Apr 26 2020 10:01:43 GMT+0700 (WIB),Sun Apr 26 2020 10:01:43 GMT+0700 (WIB)
346,itemtransaction-589,97,279,1,Sun Apr 26 2020 10:01:43 GMT+0700 (WIB),Sun Apr 26 2020 10:01:43 GMT+0700 (WIB)
347,itemtransaction-543,100,261,1,Sun Apr 26 2020 10:01:43 GMT+0700 (WIB),Sun Apr 26 2020 10:01:43 GMT+0700 (WIB)
348,itemtransaction-555,109,269,1,Sun Apr 26 2020 10:01:43 GMT+0700 (WIB),Sun Apr 26 2020 10:01:43 GMT+0700 (WIB)
349,itemtransaction-573,90,276,1,Sun Apr 26 2020 10:01:43 GMT+0700 (WIB),Sun Apr 26 2020 10:01:43 GMT+0700 (WIB)
350,itemtransaction-583,88,276,1,Sun Apr 26 2020 10:01:43 GMT+0700 (WIB),Sun Apr 26 2020 10:01:43 GMT+0700 (WIB)
351,itemtransaction-587,121,278,1,Sun Apr 26 2020 10:01:43 GMT+0700 (WIB),Sun Apr 26 2020 10:01:43 GMT+0700 (WIB)
352,itemtransaction-591,111,281,1,Sun Apr 26 2020 10:01:43 GMT+0700 (WIB),Sun Apr 26 2020 10:01:43 GMT+0700 (WIB)
353,itemtransaction-545,57,262,1,Sun Apr 26 2020 10:01:43 GMT+0700 (WIB),Sun Apr 26 2020 10:01:43 GMT+0700 (WIB)
354,itemtransaction-557,90,269,1,Sun Apr 26 2020 10:01:43 GMT+0700 (WIB),Sun Apr 26 2020 10:01:43 GMT+0700 (WIB)
355,itemtransaction-563,75,273,1,Sun Apr 26 2020 10:01:43 GMT+0700 (WIB),Sun Apr 26 2020 10:01:43 GMT+0700 (WIB)
356,itemtransaction-575,29,276,1,Sun Apr 26 2020 10:01:43 GMT+0700 (WIB),Sun Apr 26 2020 10:01:43 GMT+0700 (WIB)
357,itemtransaction-585,19,276,1,Sun Apr 26 2020 10:01:43 GMT+0700 (WIB),Sun Apr 26 2020 10:01:43 GMT+0700 (WIB)
358,itemtransaction-546,13,263,1,Sun Apr 26 2020 10:01:43 GMT+0700 (WIB),Sun Apr 26 2020 10:01:43 GMT+0700 (WIB)
359,itemtransaction-568,27,276,1,Sun Apr 26 2020 10:01:43 GMT+0700 (WIB),Sun Apr 26 2020 10:01:43 GMT+0700 (WIB)
360,itemtransaction-578,111,276,1,Sun Apr 26 2020 10:01:43 GMT+0700 (WIB),Sun Apr 26 2020 10:01:43 GMT+0700 (WIB)
361,itemtransaction-551,96,266,2,Sun Apr 26 2020 10:01:43 GMT+0700 (WIB),Sun Apr 26 2020 10:01:43 GMT+0700 (WIB)
362,itemtransaction-570,99,276,1,Sun Apr 26 2020 10:01:43 GMT+0700 (WIB),Sun Apr 26 2020 10:01:43 GMT+0700 (WIB)
363,itemtransaction-580,93,276,1,Sun Apr 26 2020 10:01:43 GMT+0700 (WIB),Sun Apr 26 2020 10:01:43 GMT+0700 (WIB)
364,itemtransaction-586,124,277,1,Sun Apr 26 2020 10:01:43 GMT+0700 (WIB),Sun Apr 26 2020 10:01:43 GMT+0700 (WIB)
365,itemtransaction-590,105,280,1,Sun Apr 26 2020 10:01:43 GMT+0700 (WIB),Sun Apr 26 2020 10:01:43 GMT+0700 (WIB)
366,itemtransaction-549,125,264,60,Sun Apr 26 2020 10:01:43 GMT+0700 (WIB),Sun Apr 26 2020 10:01:43 GMT+0700 (WIB)
367,itemtransaction-552,85,266,1,Sun Apr 26 2020 10:01:43 GMT+0700 (WIB),Sun Apr 26 2020 10:01:43 GMT+0700 (WIB)
368,itemtransaction-565,124,274,1,Sun Apr 26 2020 10:01:43 GMT+0700 (WIB),Sun Apr 26 2020 10:01:43 GMT+0700 (WIB)
369,itemtransaction-571,100,276,1,Sun Apr 26 2020 10:01:43 GMT+0700 (WIB),Sun Apr 26 2020 10:01:43 GMT+0700 (WIB)
370,itemtransaction-581,115,276,1,Sun Apr 26 2020 10:01:43 GMT+0700 (WIB),Sun Apr 26 2020 10:01:43 GMT+0700 (WIB)
371,itemtransaction-550,57,265,1,Sun Apr 26 2020 10:01:43 GMT+0700 (WIB),Sun Apr 26 2020 10:01:43 GMT+0700 (WIB)
372,itemtransaction-553,96,267,1,Sun Apr 26 2020 10:01:43 GMT+0700 (WIB),Sun Apr 26 2020 10:01:43 GMT+0700 (WIB)
373,itemtransaction-554,135,268,1,Sun Apr 26 2020 10:01:43 GMT+0700 (WIB),Sun Apr 26 2020 10:01:43 GMT+0700 (WIB)
374,itemtransaction-558,27,270,1,Sun Apr 26 2020 10:01:43 GMT+0700 (WIB),Sun Apr 26 2020 10:01:43 GMT+0700 (WIB)
375,itemtransaction-562,89,272,1,Sun Apr 26 2020 10:01:43 GMT+0700 (WIB),Sun Apr 26 2020 10:01:43 GMT+0700 (WIB)
376,itemtransaction-564,77,273,1,Sun Apr 26 2020 10:01:43 GMT+0700 (WIB),Sun Apr 26 2020 10:01:43 GMT+0700 (WIB)
377,itemtransaction-576,31,276,1,Sun Apr 26 2020 10:01:43 GMT+0700 (WIB),Sun Apr 26 2020 10:01:43 GMT+0700 (WIB)
378,itemtransaction-559,98,270,1,Sun Apr 26 2020 10:01:43 GMT+0700 (WIB),Sun Apr 26 2020 10:01:43 GMT+0700 (WIB)
379,itemtransaction-577,77,276,1,Sun Apr 26 2020 10:01:43 GMT+0700 (WIB),Sun Apr 26 2020 10:01:43 GMT+0700 (WIB)
380,itemtransaction-569,74,276,1,Sun Apr 26 2020 10:01:43 GMT+0700 (WIB),Sun Apr 26 2020 10:01:43 GMT+0700 (WIB)
381,itemtransaction-579,24,276,1,Sun Apr 26 2020 10:01:43 GMT+0700 (WIB),Sun Apr 26 2020 10:01:43 GMT+0700 (WIB)
382,itemtransaction-592,109,282,1,Sun Apr 26 2020 10:01:43 GMT+0700 (WIB),Sun Apr 26 2020 10:01:43 GMT+0700 (WIB)
383,itemtransaction-593,97,283,1,Sun Apr 26 2020 10:01:43 GMT+0700 (WIB),Sun Apr 26 2020 10:01:43 GMT+0700 (WIB)
384,itemtransaction-594,100,283,1,Sun Apr 26 2020 10:01:43 GMT+0700 (WIB),Sun Apr 26 2020 10:01:43 GMT+0700 (WIB)
385,itemtransaction-595,101,284,1,Sun Apr 26 2020 10:01:43 GMT+0700 (WIB),Sun Apr 26 2020 10:01:43 GMT+0700 (WIB)
386,itemtransaction-596,119,284,1,Sun Apr 26 2020 10:01:43 GMT+0700 (WIB),Sun Apr 26 2020 10:01:43 GMT+0700 (WIB)
387,itemtransaction-597,137,285,9,Sun Apr 26 2020 10:01:43 GMT+0700 (WIB),Sun Apr 26 2020 10:01:43 GMT+0700 (WIB)
388,itemtransaction-598,98,286,1,Sun Apr 26 2020 10:01:43 GMT+0700 (WIB),Sun Apr 26 2020 10:01:43 GMT+0700 (WIB)
389,itemtransaction-599,28,286,1,Sun Apr 26 2020 10:01:43 GMT+0700 (WIB),Sun Apr 26 2020 10:01:43 GMT+0700 (WIB)
390,itemtransaction-600,102,287,1,Sun Apr 26 2020 10:01:43 GMT+0700 (WIB),Sun Apr 26 2020 10:01:43 GMT+0700 (WIB)
391,itemtransaction-601,86,287,1,Sun Apr 26 2020 10:01:43 GMT+0700 (WIB),Sun Apr 26 2020 10:01:43 GMT+0700 (WIB)
392,itemtransaction-602,86,288,1,Sun Apr 26 2020 10:01:43 GMT+0700 (WIB),Sun Apr 26 2020 10:01:43 GMT+0700 (WIB)
393,itemtransaction-603,109,289,1,Sun Apr 26 2020 10:01:43 GMT+0700 (WIB),Sun Apr 26 2020 10:01:43 GMT+0700 (WIB)
394,itemtransaction-604,103,290,1,Sun Apr 26 2020 10:01:43 GMT+0700 (WIB),Sun Apr 26 2020 10:01:43 GMT+0700 (WIB)
395,itemtransaction-605,100,291,1,Sun Apr 26 2020 10:01:43 GMT+0700 (WIB),Sun Apr 26 2020 10:01:43 GMT+0700 (WIB)
396,itemtransaction-606,103,291,2,Sun Apr 26 2020 10:01:43 GMT+0700 (WIB),Sun Apr 26 2020 10:01:43 GMT+0700 (WIB)
397,itemtransaction-607,83,291,1,Sun Apr 26 2020 10:01:43 GMT+0700 (WIB),Sun Apr 26 2020 10:01:43 GMT+0700 (WIB)
398,itemtransaction-608,80,291,1,Sun Apr 26 2020 10:01:43 GMT+0700 (WIB),Sun Apr 26 2020 10:01:43 GMT+0700 (WIB)
399,itemtransaction-609,6,292,2,Sun Apr 26 2020 10:01:43 GMT+0700 (WIB),Sun Apr 26 2020 10:01:43 GMT+0700 (WIB)
400,itemtransaction-610,100,292,1,Sun Apr 26 2020 10:01:43 GMT+0700 (WIB),Sun Apr 26 2020 10:01:43 GMT+0700 (WIB)
401,itemtransaction-611,98,292,1,Sun Apr 26 2020 10:01:43 GMT+0700 (WIB),Sun Apr 26 2020 10:01:43 GMT+0700 (WIB)
402,itemtransaction-612,80,293,1,Sun Apr 26 2020 10:01:43 GMT+0700 (WIB),Sun Apr 26 2020 10:01:43 GMT+0700 (WIB)
403,itemtransaction-613,18,294,1,Sun Apr 26 2020 10:01:43 GMT+0700 (WIB),Sun Apr 26 2020 10:01:43 GMT+0700 (WIB)
404,itemtransaction-614,19,294,1,Sun Apr 26 2020 10:01:43 GMT+0700 (WIB),Sun Apr 26 2020 10:01:43 GMT+0700 (WIB)
