id,uuid,custom_price,cashier,project_id,created_at,updated_at
1,transaction-99,0,Dewon,2,Sun Apr 26 2020 10:01:38 GMT+0700 (WIB),Sun Apr 26 2020 10:01:38 GMT+0700 (WIB)
2,transaction-156,0,Fahre,2,Sun Apr 26 2020 10:01:38 GMT+0700 (WIB),Sun Apr 26 2020 10:01:38 GMT+0700 (WIB)
3,transaction-161,0,Fahre,2,Sun Apr 26 2020 10:01:38 GMT+0700 (WIB),Sun Apr 26 2020 10:01:38 GMT+0700 (WIB)
4,transaction-162,0,Fahre,2,Sun Apr 26 2020 10:01:38 GMT+0700 (WIB),Sun Apr 26 2020 10:01:38 GMT+0700 (WIB)
5,transaction-164,0,Fahre,2,Sun Apr 26 2020 10:01:38 GMT+0700 (WIB),Sun Apr 26 2020 10:01:38 GMT+0700 (WIB)
6,transaction-165,0,Fahre,2,Sun Apr 26 2020 10:01:38 GMT+0700 (WIB),Sun Apr 26 2020 10:01:38 GMT+0700 (WIB)
7,transaction-166,0,Fahre,2,Sun Apr 26 2020 10:01:38 GMT+0700 (WIB),Sun Apr 26 2020 10:01:38 GMT+0700 (WIB)
8,transaction-168,0,Fahre,2,Sun Apr 26 2020 10:01:38 GMT+0700 (WIB),Sun Apr 26 2020 10:01:38 GMT+0700 (WIB)
9,transaction-169,0,Fahre,2,Sun Apr 26 2020 10:01:38 GMT+0700 (WIB),Sun Apr 26 2020 10:01:38 GMT+0700 (WIB)
10,transaction-170,0,Fahre,2,Sun Apr 26 2020 10:01:38 GMT+0700 (WIB),Sun Apr 26 2020 10:01:38 GMT+0700 (WIB)
11,transaction-171,0,Fahre,2,Sun Apr 26 2020 10:01:38 GMT+0700 (WIB),Sun Apr 26 2020 10:01:38 GMT+0700 (WIB)
12,transaction-172,0,Fahre,2,Sun Apr 26 2020 10:01:38 GMT+0700 (WIB),Sun Apr 26 2020 10:01:38 GMT+0700 (WIB)
13,transaction-173,0,Fahre,2,Sun Apr 26 2020 10:01:38 GMT+0700 (WIB),Sun Apr 26 2020 10:01:38 GMT+0700 (WIB)
14,transaction-174,0,Fahre,2,Sun Apr 26 2020 10:01:38 GMT+0700 (WIB),Sun Apr 26 2020 10:01:38 GMT+0700 (WIB)
15,transaction-175,0,Fahre,2,Sun Apr 26 2020 10:01:38 GMT+0700 (WIB),Sun Apr 26 2020 10:01:38 GMT+0700 (WIB)
16,transaction-178,0,Fahre,2,Sun Apr 26 2020 10:01:38 GMT+0700 (WIB),Sun Apr 26 2020 10:01:38 GMT+0700 (WIB)
17,transaction-179,0,Fahre,2,Sun Apr 26 2020 10:01:38 GMT+0700 (WIB),Sun Apr 26 2020 10:01:38 GMT+0700 (WIB)
18,transaction-180,45000,Fahre,2,Sun Apr 26 2020 10:01:38 GMT+0700 (WIB),Sun Apr 26 2020 10:01:38 GMT+0700 (WIB)
19,transaction-181,45000,Fahre,2,Sun Apr 26 2020 10:01:38 GMT+0700 (WIB),Sun Apr 26 2020 10:01:38 GMT+0700 (WIB)
20,transaction-182,0,Fahre,2,Sun Apr 26 2020 10:01:38 GMT+0700 (WIB),Sun Apr 26 2020 10:01:38 GMT+0700 (WIB)
21,transaction-184,1,Fahre,2,Sun Apr 26 2020 10:01:38 GMT+0700 (WIB),Sun Apr 26 2020 10:01:38 GMT+0700 (WIB)
22,transaction-185,0,Fahre,2,Sun Apr 26 2020 10:01:38 GMT+0700 (WIB),Sun Apr 26 2020 10:01:38 GMT+0700 (WIB)
23,transaction-186,0,Fahre,2,Sun Apr 26 2020 10:01:38 GMT+0700 (WIB),Sun Apr 26 2020 10:01:38 GMT+0700 (WIB)
24,transaction-187,0,Fahre,2,Sun Apr 26 2020 10:01:38 GMT+0700 (WIB),Sun Apr 26 2020 10:01:38 GMT+0700 (WIB)
25,transaction-188,0,Fahre,2,Sun Apr 26 2020 10:01:38 GMT+0700 (WIB),Sun Apr 26 2020 10:01:38 GMT+0700 (WIB)
26,transaction-189,0,Fahre,2,Sun Apr 26 2020 10:01:38 GMT+0700 (WIB),Sun Apr 26 2020 10:01:38 GMT+0700 (WIB)
27,transaction-190,1,Fahre,2,Sun Apr 26 2020 10:01:38 GMT+0700 (WIB),Sun Apr 26 2020 10:01:38 GMT+0700 (WIB)
28,transaction-191,0,Fahre,2,Sun Apr 26 2020 10:01:38 GMT+0700 (WIB),Sun Apr 26 2020 10:01:38 GMT+0700 (WIB)
29,transaction-192,0,Fahre,2,Sun Apr 26 2020 10:01:38 GMT+0700 (WIB),Sun Apr 26 2020 10:01:38 GMT+0700 (WIB)
30,transaction-193,0,Fahre,2,Sun Apr 26 2020 10:01:38 GMT+0700 (WIB),Sun Apr 26 2020 10:01:38 GMT+0700 (WIB)
31,transaction-194,15000,Fahre,2,Sun Apr 26 2020 10:01:38 GMT+0700 (WIB),Sun Apr 26 2020 10:01:38 GMT+0700 (WIB)
32,transaction-196,1,Fahre,2,Sun Apr 26 2020 10:01:38 GMT+0700 (WIB),Sun Apr 26 2020 10:01:38 GMT+0700 (WIB)
33,transaction-197,0,Fahre,2,Sun Apr 26 2020 10:01:38 GMT+0700 (WIB),Sun Apr 26 2020 10:01:38 GMT+0700 (WIB)
34,transaction-198,0,Fahre,2,Sun Apr 26 2020 10:01:38 GMT+0700 (WIB),Sun Apr 26 2020 10:01:38 GMT+0700 (WIB)
35,transaction-199,0,Fahre,2,Sun Apr 26 2020 10:01:38 GMT+0700 (WIB),Sun Apr 26 2020 10:01:38 GMT+0700 (WIB)
36,transaction-200,0,Fahre,2,Sun Apr 26 2020 10:01:38 GMT+0700 (WIB),Sun Apr 26 2020 10:01:38 GMT+0700 (WIB)
37,transaction-201,0,Fahre,2,Sun Apr 26 2020 10:01:38 GMT+0700 (WIB),Sun Apr 26 2020 10:01:38 GMT+0700 (WIB)
38,transaction-202,0,Fahre,2,Sun Apr 26 2020 10:01:38 GMT+0700 (WIB),Sun Apr 26 2020 10:01:38 GMT+0700 (WIB)
39,transaction-203,1,Fahre,2,Sun Apr 26 2020 10:01:38 GMT+0700 (WIB),Sun Apr 26 2020 10:01:38 GMT+0700 (WIB)
40,transaction-204,0,Fahre,2,Sun Apr 26 2020 10:01:38 GMT+0700 (WIB),Sun Apr 26 2020 10:01:38 GMT+0700 (WIB)
41,transaction-205,0,Fahre,2,Sun Apr 26 2020 10:01:38 GMT+0700 (WIB),Sun Apr 26 2020 10:01:38 GMT+0700 (WIB)
42,transaction-206,1,Fahre,2,Sun Apr 26 2020 10:01:38 GMT+0700 (WIB),Sun Apr 26 2020 10:01:38 GMT+0700 (WIB)
43,transaction-207,0,Fahre,2,Sun Apr 26 2020 10:01:38 GMT+0700 (WIB),Sun Apr 26 2020 10:01:38 GMT+0700 (WIB)
44,transaction-208,0,Fahre,2,Sun Apr 26 2020 10:01:38 GMT+0700 (WIB),Sun Apr 26 2020 10:01:38 GMT+0700 (WIB)
45,transaction-209,0,Fahre,2,Sun Apr 26 2020 10:01:38 GMT+0700 (WIB),Sun Apr 26 2020 10:01:38 GMT+0700 (WIB)
46,transaction-210,0,Fahre,2,Sun Apr 26 2020 10:01:38 GMT+0700 (WIB),Sun Apr 26 2020 10:01:38 GMT+0700 (WIB)
47,transaction-211,0,Fahre,2,Sun Apr 26 2020 10:01:38 GMT+0700 (WIB),Sun Apr 26 2020 10:01:38 GMT+0700 (WIB)
48,transaction-213,50000,Fahre,2,Sun Apr 26 2020 10:01:38 GMT+0700 (WIB),Sun Apr 26 2020 10:01:38 GMT+0700 (WIB)
49,transaction-214,0,Fahre,2,Sun Apr 26 2020 10:01:38 GMT+0700 (WIB),Sun Apr 26 2020 10:01:38 GMT+0700 (WIB)
50,transaction-218,1,Fahre,2,Sun Apr 26 2020 10:01:38 GMT+0700 (WIB),Sun Apr 26 2020 10:01:38 GMT+0700 (WIB)
51,transaction-219,0,Fahre,2,Sun Apr 26 2020 10:01:38 GMT+0700 (WIB),Sun Apr 26 2020 10:01:38 GMT+0700 (WIB)
52,transaction-220,0,Fahre,2,Sun Apr 26 2020 10:01:38 GMT+0700 (WIB),Sun Apr 26 2020 10:01:38 GMT+0700 (WIB)
53,transaction-221,1,Fahre,2,Sun Apr 26 2020 10:01:38 GMT+0700 (WIB),Sun Apr 26 2020 10:01:38 GMT+0700 (WIB)
54,transaction-223,0,Fahre,2,Sun Apr 26 2020 10:01:38 GMT+0700 (WIB),Sun Apr 26 2020 10:01:38 GMT+0700 (WIB)
55,transaction-224,0,Fahre,2,Sun Apr 26 2020 10:01:38 GMT+0700 (WIB),Sun Apr 26 2020 10:01:38 GMT+0700 (WIB)
56,transaction-225,0,Fahre,2,Sun Apr 26 2020 10:01:38 GMT+0700 (WIB),Sun Apr 26 2020 10:01:38 GMT+0700 (WIB)
57,transaction-226,1,Fahre,2,Sun Apr 26 2020 10:01:38 GMT+0700 (WIB),Sun Apr 26 2020 10:01:38 GMT+0700 (WIB)
58,transaction-227,0,Fahre,2,Sun Apr 26 2020 10:01:38 GMT+0700 (WIB),Sun Apr 26 2020 10:01:38 GMT+0700 (WIB)
59,transaction-228,0,Fahre,2,Sun Apr 26 2020 10:01:38 GMT+0700 (WIB),Sun Apr 26 2020 10:01:38 GMT+0700 (WIB)
60,transaction-229,0,Fahre,2,Sun Apr 26 2020 10:01:38 GMT+0700 (WIB),Sun Apr 26 2020 10:01:38 GMT+0700 (WIB)
61,transaction-230,1,Fahre,2,Sun Apr 26 2020 10:01:38 GMT+0700 (WIB),Sun Apr 26 2020 10:01:38 GMT+0700 (WIB)
62,transaction-231,0,Fahre,2,Sun Apr 26 2020 10:01:38 GMT+0700 (WIB),Sun Apr 26 2020 10:01:38 GMT+0700 (WIB)
63,transaction-232,0,Fahre,2,Sun Apr 26 2020 10:01:38 GMT+0700 (WIB),Sun Apr 26 2020 10:01:38 GMT+0700 (WIB)
64,transaction-233,0,Fahre,2,Sun Apr 26 2020 10:01:38 GMT+0700 (WIB),Sun Apr 26 2020 10:01:38 GMT+0700 (WIB)
65,transaction-234,0,Fahre,2,Sun Apr 26 2020 10:01:38 GMT+0700 (WIB),Sun Apr 26 2020 10:01:38 GMT+0700 (WIB)
66,transaction-235,0,Fahre,2,Sun Apr 26 2020 10:01:38 GMT+0700 (WIB),Sun Apr 26 2020 10:01:38 GMT+0700 (WIB)
67,transaction-241,0,Fahre,2,Sun Apr 26 2020 10:01:38 GMT+0700 (WIB),Sun Apr 26 2020 10:01:38 GMT+0700 (WIB)
68,transaction-253,0,Fahre,2,Sun Apr 26 2020 10:01:38 GMT+0700 (WIB),Sun Apr 26 2020 10:01:38 GMT+0700 (WIB)
69,transaction-236,0,Fahre,2,Sun Apr 26 2020 10:01:38 GMT+0700 (WIB),Sun Apr 26 2020 10:01:38 GMT+0700 (WIB)
70,transaction-239,0,Fahre,2,Sun Apr 26 2020 10:01:38 GMT+0700 (WIB),Sun Apr 26 2020 10:01:38 GMT+0700 (WIB)
71,transaction-248,1,Fahre,2,Sun Apr 26 2020 10:01:38 GMT+0700 (WIB),Sun Apr 26 2020 10:01:38 GMT+0700 (WIB)
72,transaction-255,0,Fahre,2,Sun Apr 26 2020 10:01:38 GMT+0700 (WIB),Sun Apr 26 2020 10:01:38 GMT+0700 (WIB)
73,transaction-237,0,Fahre,2,Sun Apr 26 2020 10:01:38 GMT+0700 (WIB),Sun Apr 26 2020 10:01:38 GMT+0700 (WIB)
74,transaction-242,0,Fahre,2,Sun Apr 26 2020 10:01:38 GMT+0700 (WIB),Sun Apr 26 2020 10:01:38 GMT+0700 (WIB)
75,transaction-254,0,Fahre,2,Sun Apr 26 2020 10:01:38 GMT+0700 (WIB),Sun Apr 26 2020 10:01:38 GMT+0700 (WIB)
76,transaction-258,0,Fahre,2,Sun Apr 26 2020 10:01:38 GMT+0700 (WIB),Sun Apr 26 2020 10:01:38 GMT+0700 (WIB)
77,transaction-238,0,Fahre,2,Sun Apr 26 2020 10:01:38 GMT+0700 (WIB),Sun Apr 26 2020 10:01:38 GMT+0700 (WIB)
78,transaction-250,1,Fahre,2,Sun Apr 26 2020 10:01:38 GMT+0700 (WIB),Sun Apr 26 2020 10:01:38 GMT+0700 (WIB)
79,transaction-240,0,Fahre,2,Sun Apr 26 2020 10:01:38 GMT+0700 (WIB),Sun Apr 26 2020 10:01:38 GMT+0700 (WIB)
80,transaction-249,0,Fahre,2,Sun Apr 26 2020 10:01:38 GMT+0700 (WIB),Sun Apr 26 2020 10:01:38 GMT+0700 (WIB)
81,transaction-251,0,Fahre,2,Sun Apr 26 2020 10:01:38 GMT+0700 (WIB),Sun Apr 26 2020 10:01:38 GMT+0700 (WIB)
82,transaction-252,0,Fahre,2,Sun Apr 26 2020 10:01:38 GMT+0700 (WIB),Sun Apr 26 2020 10:01:38 GMT+0700 (WIB)
83,transaction-256,0,Fahre,2,Sun Apr 26 2020 10:01:38 GMT+0700 (WIB),Sun Apr 26 2020 10:01:38 GMT+0700 (WIB)
84,transaction-247,0,Fahre,2,Sun Apr 26 2020 10:01:38 GMT+0700 (WIB),Sun Apr 26 2020 10:01:38 GMT+0700 (WIB)
85,transaction-246,0,Fahre,2,Sun Apr 26 2020 10:01:38 GMT+0700 (WIB),Sun Apr 26 2020 10:01:38 GMT+0700 (WIB)
86,transaction-257,1,Fahre,2,Sun Apr 26 2020 10:01:38 GMT+0700 (WIB),Sun Apr 26 2020 10:01:38 GMT+0700 (WIB)
87,transaction-259,0,Fahre,2,Sun Apr 26 2020 10:01:38 GMT+0700 (WIB),Sun Apr 26 2020 10:01:38 GMT+0700 (WIB)
88,transaction-261,0,Fahre,2,Sun Apr 26 2020 10:01:38 GMT+0700 (WIB),Sun Apr 26 2020 10:01:38 GMT+0700 (WIB)
89,transaction-262,0,Fahre,2,Sun Apr 26 2020 10:01:38 GMT+0700 (WIB),Sun Apr 26 2020 10:01:38 GMT+0700 (WIB)
90,transaction-263,0,Nopal,2,Sun Apr 26 2020 10:01:38 GMT+0700 (WIB),Sun Apr 26 2020 10:01:38 GMT+0700 (WIB)
91,transaction-264,0,Nopal,2,Sun Apr 26 2020 10:01:38 GMT+0700 (WIB),Sun Apr 26 2020 10:01:38 GMT+0700 (WIB)
92,transaction-265,0,Nopal,2,Sun Apr 26 2020 10:01:38 GMT+0700 (WIB),Sun Apr 26 2020 10:01:38 GMT+0700 (WIB)
93,transaction-266,0,Nopal,2,Sun Apr 26 2020 10:01:38 GMT+0700 (WIB),Sun Apr 26 2020 10:01:38 GMT+0700 (WIB)
94,transaction-267,0,Nopal,2,Sun Apr 26 2020 10:01:38 GMT+0700 (WIB),Sun Apr 26 2020 10:01:38 GMT+0700 (WIB)
95,transaction-268,0,Nopal,2,Sun Apr 26 2020 10:01:38 GMT+0700 (WIB),Sun Apr 26 2020 10:01:38 GMT+0700 (WIB)
96,transaction-269,0,Nopal,2,Sun Apr 26 2020 10:01:38 GMT+0700 (WIB),Sun Apr 26 2020 10:01:38 GMT+0700 (WIB)
97,transaction-270,0,Nopal,2,Sun Apr 26 2020 10:01:38 GMT+0700 (WIB),Sun Apr 26 2020 10:01:38 GMT+0700 (WIB)
98,transaction-271,0,Nopal,2,Sun Apr 26 2020 10:01:38 GMT+0700 (WIB),Sun Apr 26 2020 10:01:38 GMT+0700 (WIB)
99,transaction-272,0,Nopal,2,Sun Apr 26 2020 10:01:38 GMT+0700 (WIB),Sun Apr 26 2020 10:01:38 GMT+0700 (WIB)
100,transaction-273,0,Nopal,2,Sun Apr 26 2020 10:01:38 GMT+0700 (WIB),Sun Apr 26 2020 10:01:38 GMT+0700 (WIB)
101,transaction-274,0,Nopal,2,Sun Apr 26 2020 10:01:38 GMT+0700 (WIB),Sun Apr 26 2020 10:01:38 GMT+0700 (WIB)
102,transaction-275,0,Nopal,2,Sun Apr 26 2020 10:01:38 GMT+0700 (WIB),Sun Apr 26 2020 10:01:38 GMT+0700 (WIB)
103,transaction-276,0,Nopal,2,Sun Apr 26 2020 10:01:38 GMT+0700 (WIB),Sun Apr 26 2020 10:01:38 GMT+0700 (WIB)
104,transaction-277,0,Nopal,2,Sun Apr 26 2020 10:01:38 GMT+0700 (WIB),Sun Apr 26 2020 10:01:38 GMT+0700 (WIB)
105,transaction-278,0,Nopal,2,Sun Apr 26 2020 10:01:38 GMT+0700 (WIB),Sun Apr 26 2020 10:01:38 GMT+0700 (WIB)
106,transaction-279,0,Nopal,2,Sun Apr 26 2020 10:01:38 GMT+0700 (WIB),Sun Apr 26 2020 10:01:38 GMT+0700 (WIB)
107,transaction-280,1,Fahre,2,Sun Apr 26 2020 10:01:38 GMT+0700 (WIB),Sun Apr 26 2020 10:01:38 GMT+0700 (WIB)
108,transaction-281,0,Fahre,2,Sun Apr 26 2020 10:01:38 GMT+0700 (WIB),Sun Apr 26 2020 10:01:38 GMT+0700 (WIB)
109,transaction-282,0,Fahre,2,Sun Apr 26 2020 10:01:38 GMT+0700 (WIB),Sun Apr 26 2020 10:01:38 GMT+0700 (WIB)
110,transaction-283,0,Fahre,2,Sun Apr 26 2020 10:01:38 GMT+0700 (WIB),Sun Apr 26 2020 10:01:38 GMT+0700 (WIB)
111,transaction-284,0,Fahre,2,Sun Apr 26 2020 10:01:38 GMT+0700 (WIB),Sun Apr 26 2020 10:01:38 GMT+0700 (WIB)
112,transaction-286,0,Fahre,2,Sun Apr 26 2020 10:01:38 GMT+0700 (WIB),Sun Apr 26 2020 10:01:38 GMT+0700 (WIB)
113,transaction-287,0,Fahre,2,Sun Apr 26 2020 10:01:38 GMT+0700 (WIB),Sun Apr 26 2020 10:01:38 GMT+0700 (WIB)
114,transaction-288,0,Fahre,2,Sun Apr 26 2020 10:01:38 GMT+0700 (WIB),Sun Apr 26 2020 10:01:38 GMT+0700 (WIB)
115,transaction-289,0,Fahre,2,Sun Apr 26 2020 10:01:38 GMT+0700 (WIB),Sun Apr 26 2020 10:01:38 GMT+0700 (WIB)
116,transaction-290,0,Fahre,2,Sun Apr 26 2020 10:01:38 GMT+0700 (WIB),Sun Apr 26 2020 10:01:38 GMT+0700 (WIB)
117,transaction-291,5000,Fahre,2,Sun Apr 26 2020 10:01:38 GMT+0700 (WIB),Sun Apr 26 2020 10:01:38 GMT+0700 (WIB)
118,transaction-292,0,Fahre,2,Sun Apr 26 2020 10:01:38 GMT+0700 (WIB),Sun Apr 26 2020 10:01:38 GMT+0700 (WIB)
119,transaction-293,0,Fahre,2,Sun Apr 26 2020 10:01:38 GMT+0700 (WIB),Sun Apr 26 2020 10:01:38 GMT+0700 (WIB)
120,transaction-294,0,Fahre,2,Sun Apr 26 2020 10:01:38 GMT+0700 (WIB),Sun Apr 26 2020 10:01:38 GMT+0700 (WIB)
121,transaction-295,0,Fahre,2,Sun Apr 26 2020 10:01:38 GMT+0700 (WIB),Sun Apr 26 2020 10:01:38 GMT+0700 (WIB)
122,transaction-296,0,Fahre,2,Sun Apr 26 2020 10:01:38 GMT+0700 (WIB),Sun Apr 26 2020 10:01:38 GMT+0700 (WIB)
123,transaction-297,0,Fahre,2,Sun Apr 26 2020 10:01:38 GMT+0700 (WIB),Sun Apr 26 2020 10:01:38 GMT+0700 (WIB)
124,transaction-298,0,Fahre,2,Sun Apr 26 2020 10:01:38 GMT+0700 (WIB),Sun Apr 26 2020 10:01:38 GMT+0700 (WIB)
125,transaction-299,0,Fahre,2,Sun Apr 26 2020 10:01:38 GMT+0700 (WIB),Sun Apr 26 2020 10:01:38 GMT+0700 (WIB)
126,transaction-300,0,Fahre,2,Sun Apr 26 2020 10:01:38 GMT+0700 (WIB),Sun Apr 26 2020 10:01:38 GMT+0700 (WIB)
127,transaction-302,0,Fahre,2,Sun Apr 26 2020 10:01:38 GMT+0700 (WIB),Sun Apr 26 2020 10:01:38 GMT+0700 (WIB)
128,transaction-303,0,Fahre,2,Sun Apr 26 2020 10:01:38 GMT+0700 (WIB),Sun Apr 26 2020 10:01:38 GMT+0700 (WIB)
129,transaction-304,0,Fahre,2,Sun Apr 26 2020 10:01:38 GMT+0700 (WIB),Sun Apr 26 2020 10:01:38 GMT+0700 (WIB)
130,transaction-305,0,Fahre,2,Sun Apr 26 2020 10:01:38 GMT+0700 (WIB),Sun Apr 26 2020 10:01:38 GMT+0700 (WIB)
131,transaction-306,0,Fahre,2,Sun Apr 26 2020 10:01:38 GMT+0700 (WIB),Sun Apr 26 2020 10:01:38 GMT+0700 (WIB)
132,transaction-307,0,Fahre,2,Sun Apr 26 2020 10:01:38 GMT+0700 (WIB),Sun Apr 26 2020 10:01:38 GMT+0700 (WIB)
133,transaction-308,0,Fahre,2,Sun Apr 26 2020 10:01:38 GMT+0700 (WIB),Sun Apr 26 2020 10:01:38 GMT+0700 (WIB)
134,transaction-309,0,Fahre,2,Sun Apr 26 2020 10:01:38 GMT+0700 (WIB),Sun Apr 26 2020 10:01:38 GMT+0700 (WIB)
135,transaction-310,0,Fahre,2,Sun Apr 26 2020 10:01:38 GMT+0700 (WIB),Sun Apr 26 2020 10:01:38 GMT+0700 (WIB)
136,transaction-311,0,Fahre,2,Sun Apr 26 2020 10:01:38 GMT+0700 (WIB),Sun Apr 26 2020 10:01:38 GMT+0700 (WIB)
137,transaction-312,0,Fahre,2,Sun Apr 26 2020 10:01:38 GMT+0700 (WIB),Sun Apr 26 2020 10:01:38 GMT+0700 (WIB)
138,transaction-313,0,Fahre,2,Sun Apr 26 2020 10:01:38 GMT+0700 (WIB),Sun Apr 26 2020 10:01:38 GMT+0700 (WIB)
139,transaction-314,0,Fahre,2,Sun Apr 26 2020 10:01:38 GMT+0700 (WIB),Sun Apr 26 2020 10:01:38 GMT+0700 (WIB)
140,transaction-315,0,Fahre,2,Sun Apr 26 2020 10:01:38 GMT+0700 (WIB),Sun Apr 26 2020 10:01:38 GMT+0700 (WIB)
141,transaction-316,0,Fahre,2,Sun Apr 26 2020 10:01:38 GMT+0700 (WIB),Sun Apr 26 2020 10:01:38 GMT+0700 (WIB)
142,transaction-317,1,Fahre,2,Sun Apr 26 2020 10:01:38 GMT+0700 (WIB),Sun Apr 26 2020 10:01:38 GMT+0700 (WIB)
143,transaction-318,0,Fahre,2,Sun Apr 26 2020 10:01:38 GMT+0700 (WIB),Sun Apr 26 2020 10:01:38 GMT+0700 (WIB)
144,transaction-319,0,Fahre,2,Sun Apr 26 2020 10:01:38 GMT+0700 (WIB),Sun Apr 26 2020 10:01:38 GMT+0700 (WIB)
145,transaction-320,0,Fahre,2,Sun Apr 26 2020 10:01:38 GMT+0700 (WIB),Sun Apr 26 2020 10:01:38 GMT+0700 (WIB)
146,transaction-321,0,Fahre,2,Sun Apr 26 2020 10:01:38 GMT+0700 (WIB),Sun Apr 26 2020 10:01:38 GMT+0700 (WIB)
147,transaction-322,0,Fahre,2,Sun Apr 26 2020 10:01:38 GMT+0700 (WIB),Sun Apr 26 2020 10:01:38 GMT+0700 (WIB)
148,transaction-323,0,Fahre,2,Sun Apr 26 2020 10:01:38 GMT+0700 (WIB),Sun Apr 26 2020 10:01:38 GMT+0700 (WIB)
149,transaction-324,0,Fahre,2,Sun Apr 26 2020 10:01:38 GMT+0700 (WIB),Sun Apr 26 2020 10:01:38 GMT+0700 (WIB)
150,transaction-325,0,Fahre,2,Sun Apr 26 2020 10:01:38 GMT+0700 (WIB),Sun Apr 26 2020 10:01:38 GMT+0700 (WIB)
151,transaction-327,0,Fahre,2,Sun Apr 26 2020 10:01:38 GMT+0700 (WIB),Sun Apr 26 2020 10:01:38 GMT+0700 (WIB)
152,transaction-328,0,Fahre,2,Sun Apr 26 2020 10:01:38 GMT+0700 (WIB),Sun Apr 26 2020 10:01:38 GMT+0700 (WIB)
153,transaction-329,0,Fahre,2,Sun Apr 26 2020 10:01:38 GMT+0700 (WIB),Sun Apr 26 2020 10:01:38 GMT+0700 (WIB)
154,transaction-330,0,Fahre,2,Sun Apr 26 2020 10:01:38 GMT+0700 (WIB),Sun Apr 26 2020 10:01:38 GMT+0700 (WIB)
155,transaction-331,0,Fahre,2,Sun Apr 26 2020 10:01:38 GMT+0700 (WIB),Sun Apr 26 2020 10:01:38 GMT+0700 (WIB)
156,transaction-332,0,Fahre,2,Sun Apr 26 2020 10:01:38 GMT+0700 (WIB),Sun Apr 26 2020 10:01:38 GMT+0700 (WIB)
157,transaction-333,0,Fahre,2,Sun Apr 26 2020 10:01:38 GMT+0700 (WIB),Sun Apr 26 2020 10:01:38 GMT+0700 (WIB)
158,transaction-334,0,Fahre,2,Sun Apr 26 2020 10:01:38 GMT+0700 (WIB),Sun Apr 26 2020 10:01:38 GMT+0700 (WIB)
159,transaction-335,0,Fahre,2,Sun Apr 26 2020 10:01:38 GMT+0700 (WIB),Sun Apr 26 2020 10:01:38 GMT+0700 (WIB)
160,transaction-336,0,Fahre,2,Sun Apr 26 2020 10:01:38 GMT+0700 (WIB),Sun Apr 26 2020 10:01:38 GMT+0700 (WIB)
161,transaction-337,0,Fahre,2,Sun Apr 26 2020 10:01:38 GMT+0700 (WIB),Sun Apr 26 2020 10:01:38 GMT+0700 (WIB)
162,transaction-338,45000,Fahre,2,Sun Apr 26 2020 10:01:38 GMT+0700 (WIB),Sun Apr 26 2020 10:01:38 GMT+0700 (WIB)
163,transaction-339,0,Fahre,2,Sun Apr 26 2020 10:01:38 GMT+0700 (WIB),Sun Apr 26 2020 10:01:38 GMT+0700 (WIB)
164,transaction-340,0,Fahre,2,Sun Apr 26 2020 10:01:38 GMT+0700 (WIB),Sun Apr 26 2020 10:01:38 GMT+0700 (WIB)
165,transaction-341,0,Fahre,2,Sun Apr 26 2020 10:01:38 GMT+0700 (WIB),Sun Apr 26 2020 10:01:38 GMT+0700 (WIB)
166,transaction-342,0,Fahre,2,Sun Apr 26 2020 10:01:38 GMT+0700 (WIB),Sun Apr 26 2020 10:01:38 GMT+0700 (WIB)
167,transaction-343,0,Fahre,2,Sun Apr 26 2020 10:01:38 GMT+0700 (WIB),Sun Apr 26 2020 10:01:38 GMT+0700 (WIB)
168,transaction-344,95000,Fahre,2,Sun Apr 26 2020 10:01:38 GMT+0700 (WIB),Sun Apr 26 2020 10:01:38 GMT+0700 (WIB)
169,transaction-345,0,Fahre,2,Sun Apr 26 2020 10:01:38 GMT+0700 (WIB),Sun Apr 26 2020 10:01:38 GMT+0700 (WIB)
170,transaction-346,0,Fahre,2,Sun Apr 26 2020 10:01:38 GMT+0700 (WIB),Sun Apr 26 2020 10:01:38 GMT+0700 (WIB)
171,transaction-347,0,Fahre,2,Sun Apr 26 2020 10:01:38 GMT+0700 (WIB),Sun Apr 26 2020 10:01:38 GMT+0700 (WIB)
172,transaction-350,0,Fahre,2,Sun Apr 26 2020 10:01:38 GMT+0700 (WIB),Sun Apr 26 2020 10:01:38 GMT+0700 (WIB)
173,transaction-351,0,Fahre,2,Sun Apr 26 2020 10:01:38 GMT+0700 (WIB),Sun Apr 26 2020 10:01:38 GMT+0700 (WIB)
174,transaction-352,0,Fahre,2,Sun Apr 26 2020 10:01:38 GMT+0700 (WIB),Sun Apr 26 2020 10:01:38 GMT+0700 (WIB)
175,transaction-353,0,Fahre,2,Sun Apr 26 2020 10:01:38 GMT+0700 (WIB),Sun Apr 26 2020 10:01:38 GMT+0700 (WIB)
176,transaction-354,0,Fahre,2,Sun Apr 26 2020 10:01:38 GMT+0700 (WIB),Sun Apr 26 2020 10:01:38 GMT+0700 (WIB)
177,transaction-355,0,Fahre,2,Sun Apr 26 2020 10:01:38 GMT+0700 (WIB),Sun Apr 26 2020 10:01:38 GMT+0700 (WIB)
178,transaction-356,0,Fahre,2,Sun Apr 26 2020 10:01:38 GMT+0700 (WIB),Sun Apr 26 2020 10:01:38 GMT+0700 (WIB)
179,transaction-357,0,Fahre,2,Sun Apr 26 2020 10:01:38 GMT+0700 (WIB),Sun Apr 26 2020 10:01:38 GMT+0700 (WIB)
180,transaction-358,0,Fahre,2,Sun Apr 26 2020 10:01:38 GMT+0700 (WIB),Sun Apr 26 2020 10:01:38 GMT+0700 (WIB)
181,transaction-361,0,Fahre,2,Sun Apr 26 2020 10:01:38 GMT+0700 (WIB),Sun Apr 26 2020 10:01:38 GMT+0700 (WIB)
182,transaction-379,1,Fahre,2,Sun Apr 26 2020 10:01:38 GMT+0700 (WIB),Sun Apr 26 2020 10:01:38 GMT+0700 (WIB)
183,transaction-406,0,Fahre,2,Sun Apr 26 2020 10:01:38 GMT+0700 (WIB),Sun Apr 26 2020 10:01:38 GMT+0700 (WIB)
184,transaction-385,1,Fahre,2,Sun Apr 26 2020 10:01:38 GMT+0700 (WIB),Sun Apr 26 2020 10:01:38 GMT+0700 (WIB)
185,transaction-386,1,Fahre,2,Sun Apr 26 2020 10:01:38 GMT+0700 (WIB),Sun Apr 26 2020 10:01:38 GMT+0700 (WIB)
186,transaction-393,0,Fahre,2,Sun Apr 26 2020 10:01:38 GMT+0700 (WIB),Sun Apr 26 2020 10:01:38 GMT+0700 (WIB)
187,transaction-360,0,Fahre,2,Sun Apr 26 2020 10:01:38 GMT+0700 (WIB),Sun Apr 26 2020 10:01:38 GMT+0700 (WIB)
188,transaction-362,0,Fahre,2,Sun Apr 26 2020 10:01:38 GMT+0700 (WIB),Sun Apr 26 2020 10:01:38 GMT+0700 (WIB)
189,transaction-375,0,Fahre,2,Sun Apr 26 2020 10:01:38 GMT+0700 (WIB),Sun Apr 26 2020 10:01:38 GMT+0700 (WIB)
190,transaction-377,0,Fahre,2,Sun Apr 26 2020 10:01:38 GMT+0700 (WIB),Sun Apr 26 2020 10:01:38 GMT+0700 (WIB)
191,transaction-395,0,Fahre,2,Sun Apr 26 2020 10:01:38 GMT+0700 (WIB),Sun Apr 26 2020 10:01:38 GMT+0700 (WIB)
192,transaction-405,0,Fahre,2,Sun Apr 26 2020 10:01:38 GMT+0700 (WIB),Sun Apr 26 2020 10:01:38 GMT+0700 (WIB)
193,transaction-363,0,Fahre,2,Sun Apr 26 2020 10:01:38 GMT+0700 (WIB),Sun Apr 26 2020 10:01:38 GMT+0700 (WIB)
194,transaction-368,0,Fahre,2,Sun Apr 26 2020 10:01:38 GMT+0700 (WIB),Sun Apr 26 2020 10:01:38 GMT+0700 (WIB)
195,transaction-370,0,Fahre,2,Sun Apr 26 2020 10:01:38 GMT+0700 (WIB),Sun Apr 26 2020 10:01:38 GMT+0700 (WIB)
196,transaction-371,0,Fahre,2,Sun Apr 26 2020 10:01:38 GMT+0700 (WIB),Sun Apr 26 2020 10:01:38 GMT+0700 (WIB)
197,transaction-404,0,Fahre,2,Sun Apr 26 2020 10:01:38 GMT+0700 (WIB),Sun Apr 26 2020 10:01:38 GMT+0700 (WIB)
198,transaction-364,0,Fahre,2,Sun Apr 26 2020 10:01:38 GMT+0700 (WIB),Sun Apr 26 2020 10:01:38 GMT+0700 (WIB)
199,transaction-365,0,Fahre,2,Sun Apr 26 2020 10:01:38 GMT+0700 (WIB),Sun Apr 26 2020 10:01:38 GMT+0700 (WIB)
200,transaction-378,0,Fahre,2,Sun Apr 26 2020 10:01:38 GMT+0700 (WIB),Sun Apr 26 2020 10:01:38 GMT+0700 (WIB)
201,transaction-384,45000,Fahre,2,Sun Apr 26 2020 10:01:38 GMT+0700 (WIB),Sun Apr 26 2020 10:01:38 GMT+0700 (WIB)
202,transaction-388,0,Fahre,2,Sun Apr 26 2020 10:01:38 GMT+0700 (WIB),Sun Apr 26 2020 10:01:38 GMT+0700 (WIB)
203,transaction-390,0,Fahre,2,Sun Apr 26 2020 10:01:38 GMT+0700 (WIB),Sun Apr 26 2020 10:01:38 GMT+0700 (WIB)
204,transaction-401,0,Fahre,2,Sun Apr 26 2020 10:01:38 GMT+0700 (WIB),Sun Apr 26 2020 10:01:38 GMT+0700 (WIB)
205,transaction-403,0,Fahre,2,Sun Apr 26 2020 10:01:38 GMT+0700 (WIB),Sun Apr 26 2020 10:01:38 GMT+0700 (WIB)
206,transaction-366,0,Fahre,2,Sun Apr 26 2020 10:01:38 GMT+0700 (WIB),Sun Apr 26 2020 10:01:38 GMT+0700 (WIB)
207,transaction-367,0,Fahre,2,Sun Apr 26 2020 10:01:38 GMT+0700 (WIB),Sun Apr 26 2020 10:01:38 GMT+0700 (WIB)
208,transaction-373,0,Fahre,2,Sun Apr 26 2020 10:01:38 GMT+0700 (WIB),Sun Apr 26 2020 10:01:38 GMT+0700 (WIB)
209,transaction-380,0,Fahre,2,Sun Apr 26 2020 10:01:38 GMT+0700 (WIB),Sun Apr 26 2020 10:01:38 GMT+0700 (WIB)
210,transaction-382,0,Fahre,2,Sun Apr 26 2020 10:01:38 GMT+0700 (WIB),Sun Apr 26 2020 10:01:38 GMT+0700 (WIB)
211,transaction-389,0,Fahre,2,Sun Apr 26 2020 10:01:38 GMT+0700 (WIB),Sun Apr 26 2020 10:01:38 GMT+0700 (WIB)
212,transaction-392,0,Fahre,2,Sun Apr 26 2020 10:01:38 GMT+0700 (WIB),Sun Apr 26 2020 10:01:38 GMT+0700 (WIB)
213,transaction-394,0,Fahre,2,Sun Apr 26 2020 10:01:38 GMT+0700 (WIB),Sun Apr 26 2020 10:01:38 GMT+0700 (WIB)
214,transaction-398,0,Fahre,2,Sun Apr 26 2020 10:01:38 GMT+0700 (WIB),Sun Apr 26 2020 10:01:38 GMT+0700 (WIB)
215,transaction-402,0,Fahre,2,Sun Apr 26 2020 10:01:38 GMT+0700 (WIB),Sun Apr 26 2020 10:01:38 GMT+0700 (WIB)
216,transaction-369,0,Fahre,2,Sun Apr 26 2020 10:01:38 GMT+0700 (WIB),Sun Apr 26 2020 10:01:38 GMT+0700 (WIB)
217,transaction-383,400000,Fahre,2,Sun Apr 26 2020 10:01:38 GMT+0700 (WIB),Sun Apr 26 2020 10:01:38 GMT+0700 (WIB)
218,transaction-387,0,Fahre,2,Sun Apr 26 2020 10:01:38 GMT+0700 (WIB),Sun Apr 26 2020 10:01:38 GMT+0700 (WIB)
219,transaction-408,0,Fahre,2,Sun Apr 26 2020 10:01:38 GMT+0700 (WIB),Sun Apr 26 2020 10:01:38 GMT+0700 (WIB)
220,transaction-372,0,Fahre,2,Sun Apr 26 2020 10:01:38 GMT+0700 (WIB),Sun Apr 26 2020 10:01:38 GMT+0700 (WIB)
221,transaction-391,0,Fahre,2,Sun Apr 26 2020 10:01:38 GMT+0700 (WIB),Sun Apr 26 2020 10:01:38 GMT+0700 (WIB)
222,transaction-396,0,Fahre,2,Sun Apr 26 2020 10:01:38 GMT+0700 (WIB),Sun Apr 26 2020 10:01:38 GMT+0700 (WIB)
223,transaction-399,0,Fahre,2,Sun Apr 26 2020 10:01:38 GMT+0700 (WIB),Sun Apr 26 2020 10:01:38 GMT+0700 (WIB)
224,transaction-397,0,Fahre,2,Sun Apr 26 2020 10:01:38 GMT+0700 (WIB),Sun Apr 26 2020 10:01:38 GMT+0700 (WIB)
225,transaction-400,0,Fahre,2,Sun Apr 26 2020 10:01:38 GMT+0700 (WIB),Sun Apr 26 2020 10:01:38 GMT+0700 (WIB)
226,transaction-409,0,Ivan,2,Sun Apr 26 2020 10:01:38 GMT+0700 (WIB),Sun Apr 26 2020 10:01:38 GMT+0700 (WIB)
227,transaction-410,1,Ivan,2,Sun Apr 26 2020 10:01:38 GMT+0700 (WIB),Sun Apr 26 2020 10:01:38 GMT+0700 (WIB)
228,transaction-411,0,Ivan,2,Sun Apr 26 2020 10:01:38 GMT+0700 (WIB),Sun Apr 26 2020 10:01:38 GMT+0700 (WIB)
229,transaction-412,0,Ivan,2,Sun Apr 26 2020 10:01:38 GMT+0700 (WIB),Sun Apr 26 2020 10:01:38 GMT+0700 (WIB)
230,transaction-413,0,Ivan,2,Sun Apr 26 2020 10:01:38 GMT+0700 (WIB),Sun Apr 26 2020 10:01:38 GMT+0700 (WIB)
231,transaction-414,0,Ivan,2,Sun Apr 26 2020 10:01:38 GMT+0700 (WIB),Sun Apr 26 2020 10:01:38 GMT+0700 (WIB)
232,transaction-415,0,Ivan,2,Sun Apr 26 2020 10:01:38 GMT+0700 (WIB),Sun Apr 26 2020 10:01:38 GMT+0700 (WIB)
233,transaction-417,20000,Ivan,2,Sun Apr 26 2020 10:01:38 GMT+0700 (WIB),Sun Apr 26 2020 10:01:38 GMT+0700 (WIB)
234,transaction-418,10000,Ivan,2,Sun Apr 26 2020 10:01:38 GMT+0700 (WIB),Sun Apr 26 2020 10:01:38 GMT+0700 (WIB)
235,transaction-421,0,Ivan,2,Sun Apr 26 2020 10:01:38 GMT+0700 (WIB),Sun Apr 26 2020 10:01:38 GMT+0700 (WIB)
236,transaction-422,0,Ivan,2,Sun Apr 26 2020 10:01:38 GMT+0700 (WIB),Sun Apr 26 2020 10:01:38 GMT+0700 (WIB)
237,transaction-423,0,Ivan,2,Sun Apr 26 2020 10:01:38 GMT+0700 (WIB),Sun Apr 26 2020 10:01:38 GMT+0700 (WIB)
238,transaction-424,55000,Ivan,2,Sun Apr 26 2020 10:01:38 GMT+0700 (WIB),Sun Apr 26 2020 10:01:38 GMT+0700 (WIB)
239,transaction-425,1,Ivan,2,Sun Apr 26 2020 10:01:38 GMT+0700 (WIB),Sun Apr 26 2020 10:01:38 GMT+0700 (WIB)
240,transaction-426,0,Ivan,2,Sun Apr 26 2020 10:01:38 GMT+0700 (WIB),Sun Apr 26 2020 10:01:38 GMT+0700 (WIB)
241,transaction-427,50000,Ivan,2,Sun Apr 26 2020 10:01:38 GMT+0700 (WIB),Sun Apr 26 2020 10:01:38 GMT+0700 (WIB)
242,transaction-428,1,Ivan,2,Sun Apr 26 2020 10:01:38 GMT+0700 (WIB),Sun Apr 26 2020 10:01:38 GMT+0700 (WIB)
243,transaction-429,1,Fahre,2,Sun Apr 26 2020 10:01:38 GMT+0700 (WIB),Sun Apr 26 2020 10:01:38 GMT+0700 (WIB)
244,transaction-430,0,Fahre,2,Sun Apr 26 2020 10:01:38 GMT+0700 (WIB),Sun Apr 26 2020 10:01:38 GMT+0700 (WIB)
245,transaction-431,0,Fahre,2,Sun Apr 26 2020 10:01:38 GMT+0700 (WIB),Sun Apr 26 2020 10:01:38 GMT+0700 (WIB)
246,transaction-432,0,Fahre,2,Sun Apr 26 2020 10:01:38 GMT+0700 (WIB),Sun Apr 26 2020 10:01:38 GMT+0700 (WIB)
247,transaction-433,0,Fahre,2,Sun Apr 26 2020 10:01:38 GMT+0700 (WIB),Sun Apr 26 2020 10:01:38 GMT+0700 (WIB)
248,transaction-434,0,Fahre,2,Sun Apr 26 2020 10:01:38 GMT+0700 (WIB),Sun Apr 26 2020 10:01:38 GMT+0700 (WIB)
249,transaction-435,0,Fahre,2,Sun Apr 26 2020 10:01:38 GMT+0700 (WIB),Sun Apr 26 2020 10:01:38 GMT+0700 (WIB)
250,transaction-436,0,Fahre,2,Sun Apr 26 2020 10:01:38 GMT+0700 (WIB),Sun Apr 26 2020 10:01:38 GMT+0700 (WIB)
251,transaction-437,0,Fahre,2,Sun Apr 26 2020 10:01:38 GMT+0700 (WIB),Sun Apr 26 2020 10:01:38 GMT+0700 (WIB)
252,transaction-438,10000,Fahre,2,Sun Apr 26 2020 10:01:38 GMT+0700 (WIB),Sun Apr 26 2020 10:01:38 GMT+0700 (WIB)
253,transaction-439,0,Fahre,2,Sun Apr 26 2020 10:01:38 GMT+0700 (WIB),Sun Apr 26 2020 10:01:38 GMT+0700 (WIB)
254,transaction-440,0,Fahre,2,Sun Apr 26 2020 10:01:38 GMT+0700 (WIB),Sun Apr 26 2020 10:01:38 GMT+0700 (WIB)
255,transaction-442,15000,Fahre,2,Sun Apr 26 2020 10:01:38 GMT+0700 (WIB),Sun Apr 26 2020 10:01:38 GMT+0700 (WIB)
256,transaction-443,0,Fahre,2,Sun Apr 26 2020 10:01:38 GMT+0700 (WIB),Sun Apr 26 2020 10:01:38 GMT+0700 (WIB)
257,transaction-444,0,Fahre,2,Sun Apr 26 2020 10:01:38 GMT+0700 (WIB),Sun Apr 26 2020 10:01:38 GMT+0700 (WIB)
258,transaction-445,1,Fahre,2,Sun Apr 26 2020 10:01:39 GMT+0700 (WIB),Sun Apr 26 2020 10:01:39 GMT+0700 (WIB)
259,transaction-446,0,Fahre,2,Sun Apr 26 2020 10:01:39 GMT+0700 (WIB),Sun Apr 26 2020 10:01:39 GMT+0700 (WIB)
260,transaction-447,0,Fahre,2,Sun Apr 26 2020 10:01:39 GMT+0700 (WIB),Sun Apr 26 2020 10:01:39 GMT+0700 (WIB)
261,transaction-448,30000,Fahre,2,Sun Apr 26 2020 10:01:39 GMT+0700 (WIB),Sun Apr 26 2020 10:01:39 GMT+0700 (WIB)
262,transaction-449,0,Fahre,2,Sun Apr 26 2020 10:01:39 GMT+0700 (WIB),Sun Apr 26 2020 10:01:39 GMT+0700 (WIB)
263,transaction-450,1,Fahre,2,Sun Apr 26 2020 10:01:39 GMT+0700 (WIB),Sun Apr 26 2020 10:01:39 GMT+0700 (WIB)
264,transaction-453,0,Fahre,2,Sun Apr 26 2020 10:01:39 GMT+0700 (WIB),Sun Apr 26 2020 10:01:39 GMT+0700 (WIB)
265,transaction-454,0,Fahre,2,Sun Apr 26 2020 10:01:39 GMT+0700 (WIB),Sun Apr 26 2020 10:01:39 GMT+0700 (WIB)
266,transaction-455,30000,Fahre,2,Sun Apr 26 2020 10:01:39 GMT+0700 (WIB),Sun Apr 26 2020 10:01:39 GMT+0700 (WIB)
267,transaction-456,1,Fahre,2,Sun Apr 26 2020 10:01:39 GMT+0700 (WIB),Sun Apr 26 2020 10:01:39 GMT+0700 (WIB)
268,transaction-457,0,Fahre,2,Sun Apr 26 2020 10:01:39 GMT+0700 (WIB),Sun Apr 26 2020 10:01:39 GMT+0700 (WIB)
269,transaction-458,30000,Fahre,2,Sun Apr 26 2020 10:01:39 GMT+0700 (WIB),Sun Apr 26 2020 10:01:39 GMT+0700 (WIB)
270,transaction-459,1,Fahre,2,Sun Apr 26 2020 10:01:39 GMT+0700 (WIB),Sun Apr 26 2020 10:01:39 GMT+0700 (WIB)
271,transaction-460,50000,Fahre,2,Sun Apr 26 2020 10:01:39 GMT+0700 (WIB),Sun Apr 26 2020 10:01:39 GMT+0700 (WIB)
272,transaction-462,1,Ivan,2,Sun Apr 26 2020 10:01:39 GMT+0700 (WIB),Sun Apr 26 2020 10:01:39 GMT+0700 (WIB)
273,transaction-463,1,Fahre,2,Sun Apr 26 2020 10:01:39 GMT+0700 (WIB),Sun Apr 26 2020 10:01:39 GMT+0700 (WIB)
274,transaction-464,50000,Ivan,2,Sun Apr 26 2020 10:01:39 GMT+0700 (WIB),Sun Apr 26 2020 10:01:39 GMT+0700 (WIB)
275,transaction-466,1,Fahre,2,Sun Apr 26 2020 10:01:39 GMT+0700 (WIB),Sun Apr 26 2020 10:01:39 GMT+0700 (WIB)
276,transaction-467,1,Fahre,2,Sun Apr 26 2020 10:01:39 GMT+0700 (WIB),Sun Apr 26 2020 10:01:39 GMT+0700 (WIB)
277,transaction-468,50000,Fahre,2,Sun Apr 26 2020 10:01:39 GMT+0700 (WIB),Sun Apr 26 2020 10:01:39 GMT+0700 (WIB)
278,transaction-469,0,Fahre,2,Sun Apr 26 2020 10:01:39 GMT+0700 (WIB),Sun Apr 26 2020 10:01:39 GMT+0700 (WIB)
279,transaction-470,1,Fahre,2,Sun Apr 26 2020 10:01:39 GMT+0700 (WIB),Sun Apr 26 2020 10:01:39 GMT+0700 (WIB)
280,transaction-471,1,Fahre,2,Sun Apr 26 2020 10:01:39 GMT+0700 (WIB),Sun Apr 26 2020 10:01:39 GMT+0700 (WIB)
281,transaction-472,1,Fahre,2,Sun Apr 26 2020 10:01:39 GMT+0700 (WIB),Sun Apr 26 2020 10:01:39 GMT+0700 (WIB)
282,transaction-473,1,Fahre,2,Sun Apr 26 2020 10:01:39 GMT+0700 (WIB),Sun Apr 26 2020 10:01:39 GMT+0700 (WIB)
283,transaction-474,4,Fahre,2,Sun Apr 26 2020 10:01:39 GMT+0700 (WIB),Sun Apr 26 2020 10:01:39 GMT+0700 (WIB)
284,transaction-475,1,Fahre,2,Sun Apr 26 2020 10:01:39 GMT+0700 (WIB),Sun Apr 26 2020 10:01:39 GMT+0700 (WIB)
285,transaction-476,0,Fahre,2,Sun Apr 26 2020 10:01:39 GMT+0700 (WIB),Sun Apr 26 2020 10:01:39 GMT+0700 (WIB)
286,transaction-477,1,Fahre,2,Sun Apr 26 2020 10:01:39 GMT+0700 (WIB),Sun Apr 26 2020 10:01:39 GMT+0700 (WIB)
287,transaction-478,1,Fahre,2,Sun Apr 26 2020 10:01:39 GMT+0700 (WIB),Sun Apr 26 2020 10:01:39 GMT+0700 (WIB)
288,transaction-479,1,Fahre,2,Sun Apr 26 2020 10:01:39 GMT+0700 (WIB),Sun Apr 26 2020 10:01:39 GMT+0700 (WIB)
289,transaction-480,0,Fahre,2,Sun Apr 26 2020 10:01:39 GMT+0700 (WIB),Sun Apr 26 2020 10:01:39 GMT+0700 (WIB)
290,transaction-481,5000,Fahre,2,Sun Apr 26 2020 10:01:39 GMT+0700 (WIB),Sun Apr 26 2020 10:01:39 GMT+0700 (WIB)
291,transaction-482,1,Fahre,2,Sun Apr 26 2020 10:01:39 GMT+0700 (WIB),Sun Apr 26 2020 10:01:39 GMT+0700 (WIB)
292,transaction-483,1,Fahre,2,Sun Apr 26 2020 10:01:39 GMT+0700 (WIB),Sun Apr 26 2020 10:01:39 GMT+0700 (WIB)
293,transaction-484,1,Fahre,2,Sun Apr 26 2020 10:01:39 GMT+0700 (WIB),Sun Apr 26 2020 10:01:39 GMT+0700 (WIB)
294,transaction-485,10000,Fahre,2,Sun Apr 26 2020 10:01:39 GMT+0700 (WIB),Sun Apr 26 2020 10:01:39 GMT+0700 (WIB)
